,Date,Open,High,Low,Close,Adj Close,Volume,Symbol,Sector,Industry,Rolling,Macd,Fibonacci,Pivot,Volume Horizontal,RSI,Price Buy,Price Sell,Price Stop Loss,Sell Date,Signal Count,Profit
235,2023-12-21,8.4,8.4,8.15,8.36,8.36,155400,IMNM,Healthcare,Biotechnology,1,1,0,1,1,1,8.48,11.024,7.942,2023-12-22,5,0.0
282,2023-10-31,0.006,0.018,0.006,0.018,0.018,6350,TAWNF,Industrials,Airlines,1,1,0,1,1,1,0.005,0.0065,0.0171,2023-11-01,5,0.0121
303,2023-11-30,0.005,0.01,0.005,0.01,0.01,11900,TAWNF,Industrials,Airlines,1,0,1,1,1,1,0.005,0.0065,0.0095,2023-12-01,5,0.0045
306,2023-12-05,0.0055,0.0056,0.0055,0.0056,0.0056,26700,TAWNF,Industrials,Airlines,1,1,0,1,1,1,0.0056,0.0073,0.0095,2023-12-06,5,0.0039
320,2023-12-26,0.006,0.01,0.006,0.01,0.01,4750,TAWNF,Industrials,Airlines,0,1,1,1,1,1,0.006,0.0078,0.0096,2023-12-27,5,0.003599999999999999
323,2023-12-29,0.0073,0.0074,0.0072,0.0074,0.0074,46432,TAWNF,Industrials,Airlines,0,1,1,1,1,1,0.0073,0.0095,0.0096,2024-01-02,5,0.002299999999999999
371,2023-11-08,0.041,0.044,0.041,0.044,0.044,30700,CAMZF,Basic Materials,Other Industrial Metals & Mining,1,1,0,1,1,1,0.04,0.052,0.0418,2023-11-09,5,0.001799999999999996
466,2023-11-27,0.13,0.16,0.12,0.15,0.15,17100,RKFL,Technology,Software - Infrastructure,1,1,1,1,1,1,0.15,0.195,0.1615,2023-11-28,6,0.01150000000000001
661,2024-01-09,3.655,4.0,3.655,3.91,3.91,29500,LOOP,Basic Materials,Specialty Chemicals,1,0,1,1,1,1,3.9,5.07,3.7145,2024-01-10,5,0.0
944,2023-10-27,11.86,11.99,11.44,11.9,11.9,5600,DNTH,Healthcare,Biotechnology,1,0,1,1,1,1,12.0,15.6,12.255,2023-10-30,5,0.2550000000000008
953,2023-11-09,11.42,11.42,11.29,11.41,11.41,6200,DNTH,Healthcare,Biotechnology,1,1,0,1,1,1,11.5,14.95,11.8085,2023-11-10,5,0.30850000000000044
960,2023-11-20,11.49,11.62,11.2,11.62,11.62,13400,DNTH,Healthcare,Biotechnology,1,1,0,1,1,1,11.51,14.963,11.4,2023-11-21,5,-0.10999999999999943
983,2023-12-22,8.66,11.44,8.24,11.44,11.44,27900,DNTH,Healthcare,Biotechnology,1,1,0,1,1,1,11.74,15.262,10.868,2023-12-26,5,-0.8719999999999999
1051,2023-12-01,6.05,6.87,5.583,6.7,6.7,1100000,CNTA,Healthcare,Biotechnology,1,0,1,1,1,1,6.58,8.554,6.8495,2023-12-04,5,0.26949999999999985
1160,2024-01-10,0.093,0.119,0.09,0.11,0.11,262400,CYFRF,Financial Services,Capital Markets,1,1,0,1,1,1,0.1188,0.1544,0.1045,2024-01-11,5,-0.014300000000000007
1195,2023-10-31,6.39,6.63,6.325,6.63,6.63,244400,DESP,Consumer Cyclical,Travel Services,1,1,1,1,0,1,6.65,8.645,6.612,2023-11-01,5,-0.038000000000000256
1197,2023-11-02,6.78,6.82,6.66,6.76,6.76,184200,DESP,Consumer Cyclical,Travel Services,1,1,0,1,1,1,6.87,8.931,6.555,2023-11-03,5,0.0
1198,2023-11-03,6.87,7.17,6.87,7.17,7.17,198800,DESP,Consumer Cyclical,Travel Services,1,1,0,1,1,1,7.18,9.334,6.8115,2023-11-06,5,0.0
1293,2023-11-21,0.1495,0.1495,0.149,0.1495,0.1495,4520,NUKK,Technology,Software - Application,1,1,1,1,0,1,0.1495,0.1943,0.1425,2023-11-22,5,0.0
1367,2023-11-10,0.009,0.0135,0.008,0.0135,0.0135,426800,JKSM,Industrials,Specialty Industrial Machinery,1,1,1,1,1,1,0.0135,0.0176,0.0128,2023-11-13,6,0.0
1536,2023-11-15,0.98,1.11,0.94,1.09,1.09,6031100,WULF,Financial Services,Capital Markets,1,1,0,1,1,1,1.08,1.404,1.0925,2023-11-16,5,0.012499999999999956
1538,2023-11-17,1.05,1.09,1.01,1.06,1.06,4314300,WULF,Financial Services,Capital Markets,1,1,0,1,1,1,1.1,1.43,1.0925,2023-11-20,5,-0.007500000000000062
1609,2023-11-01,5.386,5.49,5.386,5.475,5.475,8800,PPSI,Industrials,Electrical Equipment & Parts,1,0,1,1,1,1,5.34,6.942,5.5765,2023-11-02,5,0.23650000000000038
1610,2023-11-02,5.34,5.872,5.34,5.84,5.84,34200,PPSI,Industrials,Electrical Equipment & Parts,1,1,0,1,1,1,5.96,7.748,5.5765,2023-11-03,5,0.0
1627,2023-11-28,5.96,6.39,5.8,6.38,6.38,97500,PPSI,Industrials,Electrical Equipment & Parts,1,1,0,1,1,1,6.35,8.255,6.3175,2023-11-29,5,-0.03249999999999975
1628,2023-11-29,6.35,6.65,6.3,6.5,6.5,75700,PPSI,Industrials,Electrical Equipment & Parts,1,1,0,1,1,1,6.44,8.372,6.3175,2023-11-30,5,-0.1225000000000005
1643,2023-12-20,5.6,5.99,5.55,5.89,5.89,108900,PPSI,Industrials,Electrical Equipment & Parts,1,0,1,1,1,1,5.9,7.67,6.023,2023-12-21,5,0.12299999999999933
1647,2023-12-27,6.08,7.11,5.96,7.01,7.01,527500,PPSI,Industrials,Electrical Equipment & Parts,1,1,0,1,1,1,7.02,9.126,6.6595,2023-12-28,5,-0.36049999999999915
1684,2023-10-20,0.559,0.619,0.558,0.596,0.596,653100,CORZQ,Technology,Software - Infrastructure,1,0,1,1,1,1,0.63,0.819,0.6641,2023-10-23,5,0.03410000000000002
1714,2023-12-04,0.435,0.775,0.43,0.747,0.747,6321000,CORZQ,Technology,Software - Infrastructure,1,1,1,1,0,1,0.759,0.9867,0.7096,2023-12-05,5,-0.0494
1716,2023-12-06,0.668,0.75,0.661,0.721,0.721,1702400,CORZQ,Technology,Software - Infrastructure,1,1,0,1,1,1,0.71,0.923,0.7096,2023-12-07,5,-0.00039999999999995595
1782,2023-11-10,2.82,3.0,2.619,3.0,3.0,115400,LYRA,Healthcare,Biotechnology,1,1,0,1,1,1,3.0,3.9,3.192,2023-11-13,5,0.19200000000000017
1786,2023-11-16,2.87,2.96,2.838,2.92,2.92,123400,LYRA,Healthcare,Biotechnology,1,1,0,1,1,1,2.94,3.822,2.964,2023-11-17,5,0.02400000000000002
1866,2023-11-13,0.0381,0.0403,0.038,0.0399,0.0399,45100,LBSR,Basic Materials,Other Industrial Metals & Mining,1,1,1,1,1,1,0.0418,0.0543,0.0404,2023-11-14,6,0.0
1870,2023-11-17,0.055,0.055,0.0421,0.05,0.05,130400,LBSR,Basic Materials,Other Industrial Metals & Mining,1,1,0,1,1,1,0.05,0.065,0.0489,2023-11-20,5,-0.0011000000000000038
2025,2023-11-02,0.023,0.0297,0.023,0.0297,0.0297,75567,SYSX,Financial Services,Capital Markets,1,1,1,1,1,1,0.028,0.0364,0.0285,2023-11-03,6,0.0005000000000000004
2033,2023-11-14,0.0188,0.023,0.0188,0.023,0.023,28052,SYSX,Financial Services,Capital Markets,0,1,1,1,1,1,0.025,0.0325,0.0282,2023-11-15,5,0.003199999999999998
2038,2023-11-21,0.0112,0.0225,0.0112,0.02,0.02,51562,SYSX,Financial Services,Capital Markets,1,1,0,1,1,1,0.0155,0.0201,0.0282,2023-11-22,5,0.0127
2040,2023-11-24,0.0155,0.019,0.0155,0.018,0.018,72257,SYSX,Financial Services,Capital Markets,1,1,0,1,1,1,0.017,0.0222,0.0257,2023-11-27,5,0.0087
2044,2023-11-30,0.018,0.03,0.018,0.03,0.03,70970,SYSX,Financial Services,Capital Markets,1,1,0,1,1,1,0.026,0.0338,0.0285,2023-12-01,5,0.0025000000000000022
2046,2023-12-04,0.02,0.039,0.0165,0.029,0.029,44121,SYSX,Financial Services,Capital Markets,1,1,0,1,1,1,0.0185,0.0241,0.0285,2023-12-05,5,0.010000000000000002
2128,2023-12-05,2.57,2.77,2.53,2.65,2.65,40600,NSPR,Healthcare,Medical Devices,1,0,1,1,1,1,2.65,3.445,2.926,2023-12-06,5,0.27600000000000025
2142,2023-12-26,2.09,2.39,2.09,2.31,2.31,44400,NSPR,Healthcare,Medical Devices,1,1,1,1,0,1,2.42,3.146,2.5175,2023-12-27,5,0.09750000000000014
2145,2023-12-29,2.65,2.85,2.55,2.81,2.81,52600,NSPR,Healthcare,Medical Devices,1,1,0,1,1,1,2.71,3.523,2.6695,2024-01-02,5,-0.04049999999999976
2222,2023-12-20,4.6,4.6,4.44,4.54,4.54,45200,ALAR,Technology,Software - Infrastructure,1,0,1,1,1,1,4.59,5.967,4.7215,2023-12-21,5,0.13149999999999995
2224,2023-12-22,5.0,5.3,4.92,5.3,5.3,118500,ALAR,Technology,Software - Infrastructure,1,1,0,1,1,1,5.65,7.345,5.035,2023-12-26,5,0.0
2290,2023-11-29,0.91,0.92,0.91,0.92,0.92,2825,LINRF,Basic Materials,Other Industrial Metals & Mining,1,1,0,1,1,1,0.91,1.183,1.0165,2023-11-30,5,0.10649999999999993
2291,2023-11-30,0.91,0.9486,0.9,0.9485,0.9485,8203,LINRF,Basic Materials,Other Industrial Metals & Mining,1,1,0,1,1,1,0.9398,1.2217,1.0165,2023-12-01,5,0.07669999999999999
2295,2023-12-06,0.861,0.881,0.861,0.8806,0.8806,2827,LINRF,Basic Materials,Other Industrial Metals & Mining,1,1,0,1,1,1,0.8806,1.1448,0.9284,2023-12-07,5,0.047799999999999954
2301,2023-12-14,0.9137,0.9509,0.9137,0.9509,0.9509,11534,LINRF,Basic Materials,Other Industrial Metals & Mining,1,1,0,1,1,1,0.9715,1.2629,0.9033,2023-12-15,5,0.0
2440,2023-11-07,1.97,2.15,1.95,2.07,2.07,17858500,OPEN,Real Estate,Real Estate Services,1,1,0,1,1,1,2.08,2.704,2.166,2023-11-08,5,0.08599999999999985
2441,2023-11-08,2.08,2.19,2.03,2.17,2.17,21770400,OPEN,Real Estate,Real Estate Services,0,1,1,1,1,1,2.17,2.821,2.09,2023-11-09,5,-0.08000000000000007
2546,2023-12-11,0.01,0.0108,0.0099,0.0104,0.0104,143200,AWON,Financial Services,Shell Companies,1,1,0,1,1,1,0.0098,0.0127,0.0114,2023-12-12,5,0.0016000000000000007
2685,2023-11-02,0.922,1.03,0.8867,1.03,1.03,376141,VRSSF,Technology,Software - Infrastructure,1,1,0,1,1,1,0.984,1.2792,0.988,2023-11-03,5,0.0040000000000000036
2768,2023-11-02,0.93,0.96,0.93,0.95,0.95,3900,TOMZ,Industrials,Pollution & Treatment Controls,1,1,0,1,1,1,0.98,1.274,0.95,2023-11-03,5,-0.030000000000000027
2769,2023-11-03,0.98,1.02,0.95,0.97,0.97,7500,TOMZ,Industrials,Pollution & Treatment Controls,1,1,1,0,1,1,0.99,1.287,0.95,2023-11-06,5,0.0
2812,2024-01-08,0.95,1.0,0.95,1.0,1.0,19500,TOMZ,Industrials,Pollution & Treatment Controls,1,1,0,1,1,1,0.95,1.235,0.9785,2024-01-09,5,0.02850000000000008
2941,2023-11-14,0.89,0.979,0.89,0.979,0.979,1200,XELB,Consumer Cyclical,Apparel Manufacturing,1,1,0,1,1,1,0.9426,1.2254,0.988,2023-11-15,5,0.045399999999999996
3030,2023-11-22,4.0,4.05,3.83,4.01,4.01,122900,SDIG,Financial Services,Capital Markets,1,1,0,1,1,1,4.1,5.33,4.3035,2023-11-24,5,0.20350000000000001
3031,2023-11-24,4.1,4.3,4.012,4.29,4.29,184800,SDIG,Financial Services,Capital Markets,1,1,0,1,1,1,4.17,5.421,4.3035,2023-11-27,5,0.13349999999999973
3088,2023-10-18,3.1,3.3,3.1,3.225,3.225,4100,NGLD,Basic Materials,Gold,1,0,1,1,1,1,3.3,4.29,3.8475,2023-10-19,5,0.5475000000000003
3130,2023-12-18,2.6,3.18,2.45,3.0,3.0,5700,NGLD,Basic Materials,Gold,0,1,1,1,1,1,3.35,4.355,3.287,2023-12-19,5,-0.06300000000000017
3221,2023-12-29,0.62,0.62,0.55,0.59,0.59,13200,NYMXF,Healthcare,Biotechnology,1,1,0,1,1,1,0.62,0.806,0.836,2024-01-02,5,0.21599999999999997
3285,2023-12-01,0.93,0.99,0.93,0.96,0.96,2300,MFH,Financial Services,Capital Markets,1,1,1,0,1,1,0.96,1.248,1.0545,2023-12-04,5,0.09450000000000003
3366,2023-11-29,1.5,1.56,1.48,1.555,1.555,75000,PYXS,Healthcare,Biotechnology,1,1,0,1,1,1,1.56,2.028,1.5485,2023-11-30,5,0.0
3368,2023-12-01,1.59,1.65,1.58,1.63,1.63,57600,PYXS,Healthcare,Biotechnology,1,1,0,1,1,1,1.62,2.106,1.5485,2023-12-04,5,0.0
3388,2024-01-02,1.79,2.17,1.79,2.06,2.06,485600,PYXS,Healthcare,Biotechnology,0,1,1,1,1,1,2.05,2.665,1.957,2024-01-03,5,-0.09299999999999975
3842,2023-10-31,1.26,1.32,1.18,1.27,1.27,5837600,PGY,Technology,Software - Infrastructure,1,1,1,1,1,1,1.29,1.677,1.3395,2023-11-01,6,0.04949999999999988
3843,2023-11-01,1.29,1.3,1.24,1.29,1.29,5904400,PGY,Technology,Software - Infrastructure,1,1,0,1,1,1,1.39,1.807,1.273,2023-11-02,5,-0.11699999999999999
3869,2023-12-08,1.2,1.348,1.2,1.28,1.28,7741900,PGY,Technology,Software - Infrastructure,1,1,0,1,1,1,1.28,1.664,1.3965,2023-12-11,5,0.11650000000000005
3872,2023-12-13,1.27,1.4,1.23,1.39,1.39,9914000,PGY,Technology,Software - Infrastructure,1,1,0,1,1,1,1.5,1.95,1.3965,2023-12-14,5,0.0
3932,2023-11-09,0.1522,0.1522,0.148,0.152,0.152,13600,AMEGF,Basic Materials,Gold,1,1,0,1,1,1,0.2015,0.2619,0.2226,2023-11-10,5,0.02109999999999998
3998,2023-10-17,2.05,2.205,2.03,2.14,2.14,2305100,BTBT,Financial Services,Capital Markets,1,0,1,1,1,1,2.11,2.743,2.1185,2023-10-18,5,0.008500000000000174
4019,2023-11-15,2.13,2.269,2.075,2.24,2.24,4546900,BTBT,Financial Services,Capital Markets,1,0,1,1,1,1,2.21,2.873,2.204,2023-11-16,5,-0.005999999999999783
4022,2023-11-20,2.19,2.35,2.19,2.315,2.315,4998900,BTBT,Financial Services,Capital Markets,1,1,0,1,1,1,2.28,2.964,2.204,2023-11-21,5,-0.07599999999999962
4093,2023-11-02,0.0557,0.0557,0.0557,0.0557,0.0557,3011,IXIXF,Basic Materials,Gold,1,1,1,0,1,1,0.0557,0.0724,0.0624,2023-11-03,5,0.0
4106,2023-11-21,0.038,0.0405,0.038,0.0405,0.0405,5002,IXIXF,Basic Materials,Gold,1,1,0,1,1,1,0.0405,0.0527,0.0529,2023-11-22,5,0.012400000000000001
4122,2023-12-14,0.0356,0.0386,0.0356,0.0375,0.0375,4600,IXIXF,Basic Materials,Gold,1,1,0,1,1,1,0.0342,0.0445,0.0385,2023-12-15,5,0.004299999999999998
4123,2023-12-15,0.0342,0.04,0.0342,0.04,0.04,4400,IXIXF,Basic Materials,Gold,1,1,0,1,1,1,0.0342,0.0445,0.0385,2023-12-18,5,0.004299999999999998
4130,2023-12-27,0.0379,0.0382,0.0379,0.0382,0.0382,7970,IXIXF,Basic Materials,Gold,1,1,0,1,1,1,0.0389,0.0506,0.038,2023-12-28,5,0.0
4177,2023-11-03,0.0479,0.048,0.0479,0.048,0.048,20000,ATBHF,Basic Materials,Other Industrial Metals & Mining,1,1,0,1,1,1,0.0477,0.062,0.0462,2023-11-06,5,0.0
4194,2023-11-29,0.0427,0.0427,0.0386,0.0414,0.0414,2900,ATBHF,Basic Materials,Other Industrial Metals & Mining,1,1,0,1,1,1,0.0414,0.0538,0.0447,2023-11-30,5,0.0
4258,2023-11-01,0.0349,0.039,0.0322,0.0363,0.0363,502300,EAWD,Industrials,Pollution & Treatment Controls,1,1,1,1,0,1,0.036,0.0468,0.0418,2023-11-02,5,0.0058
4261,2023-11-06,0.0401,0.043,0.0381,0.0422,0.0422,191500,EAWD,Industrials,Pollution & Treatment Controls,1,1,0,1,1,1,0.042,0.0546,0.0401,2023-11-07,5,-0.0019000000000000059
4362,2023-12-01,2.8,3.005,2.74,2.94,2.94,7396600,CIFR,Financial Services,Capital Markets,1,0,1,1,1,1,3.2,4.16,2.831,2023-12-04,5,0.0
4373,2023-12-18,2.55,3.21,2.53,3.14,3.14,15377700,CIFR,Financial Services,Capital Markets,1,1,1,1,0,1,3.38,4.394,2.983,2023-12-19,5,0.0
4452,2023-12-12,0.17,0.264,0.17,0.221,0.221,11700,LOWLF,Healthcare,Drug Manufacturers - Specialty & Generic,1,0,1,1,1,1,0.2,0.26,0.2565,2023-12-13,5,0.056499999999999995
4519,2023-11-17,0.297,0.3199,0.297,0.3199,0.3199,73000,RMLFF,Basic Materials,Gold,1,0,1,1,1,1,0.3199,0.4159,0.3419,2023-11-20,5,0.021999999999999964
4528,2023-12-01,0.317,0.3283,0.317,0.3258,0.3258,5733,RMLFF,Basic Materials,Gold,1,1,0,1,1,1,0.3,0.39,0.313,2023-12-04,5,0.013000000000000012
4532,2023-12-07,0.3149,0.3361,0.3016,0.3361,0.3361,57647,RMLFF,Basic Materials,Gold,1,1,0,1,1,1,0.3361,0.4369,0.3193,2023-12-08,5,0.0
4579,2023-10-17,3.73,3.95,3.73,3.89,3.89,35200,ACHV,Healthcare,Biotechnology,1,0,1,1,1,1,3.85,5.005,4.085,2023-10-18,5,0.23499999999999988
4672,2023-10-31,0.83,0.835,0.802,0.83,0.83,52500,CRDL,Healthcare,Drug Manufacturers - Specialty & Generic,1,1,0,1,1,1,0.82,1.066,0.95,2023-11-01,5,0.13
4718,2024-01-08,0.878,1.03,0.878,1.0,1.0,347100,CRDL,Healthcare,Drug Manufacturers - Specialty & Generic,1,1,0,1,1,1,1.01,1.313,0.95,2024-01-09,5,0.0
4834,2023-10-25,3.7,3.81,3.66,3.76,3.76,106100,VRCA,Healthcare,Biotechnology,1,0,1,1,1,1,3.76,4.888,3.8095,2023-10-26,5,0.0495000000000001
4838,2023-10-31,3.5,3.74,3.45,3.68,3.68,57200,VRCA,Healthcare,Biotechnology,1,1,1,1,1,1,3.71,4.823,3.572,2023-11-01,6,-0.1379999999999999
4840,2023-11-02,3.78,3.96,3.78,3.96,3.96,92000,VRCA,Healthcare,Biotechnology,1,1,0,1,1,1,4.03,5.239,3.762,2023-11-03,5,0.0
4852,2023-11-20,3.5,3.74,3.47,3.71,3.71,99900,VRCA,Healthcare,Biotechnology,1,1,0,1,1,1,3.72,4.836,3.8,2023-11-21,5,0.07999999999999963
5041,2023-12-22,1.64,1.817,1.64,1.81,1.81,540000,DGHI,Technology,Software - Application,1,1,0,1,1,1,1.91,2.483,1.7195,2023-12-26,5,0.0
5168,2023-10-27,3.63,3.66,3.58,3.64,3.64,4600,MYNA,Technology,Communication Equipment,1,0,1,1,1,1,3.605,4.6865,4.2684,2023-10-30,5,0.6633999999999998
5190,2023-11-29,4.6,5.1,4.6,5.09,5.09,44400,MYNA,Technology,Communication Equipment,1,1,0,1,1,1,4.81,6.253,4.959,2023-11-30,5,0.14900000000000002
5260,2023-11-09,0.7507,0.765,0.7334,0.765,0.765,17786,ACTHF,Industrials,Pollution & Treatment Controls,1,0,1,1,1,1,0.7708,1.002,0.8004,2023-11-10,5,0.02959999999999996
5262,2023-11-13,0.775,0.787,0.7646,0.7808,0.7808,21101,ACTHF,Industrials,Pollution & Treatment Controls,1,1,0,1,1,1,0.8,1.04,0.8004,2023-11-14,5,0.00039999999999995595
5264,2023-11-15,0.775,0.8,0.775,0.8,0.8,22616,ACTHF,Industrials,Pollution & Treatment Controls,1,1,0,1,1,1,0.81,1.053,0.76,2023-11-16,5,0.0
5436,2023-11-24,5.35,5.535,5.35,5.5,5.5,15500,AIRS,Healthcare,Medical Care Facilities,1,1,0,1,1,1,5.44,7.072,6.213,2023-11-27,5,0.7729999999999997
5790,2023-11-01,4.27,4.38,4.1,4.26,4.26,46900,ETON,Healthcare,Drug Manufacturers - Specialty & Generic,1,1,0,1,1,1,4.35,5.655,4.047,2023-11-02,5,0.0
5877,2023-11-07,3.69,4.05,3.66,4.05,4.05,71200,SOS,Technology,Software - Infrastructure,1,1,0,1,1,1,4.01,5.213,3.8475,2023-11-08,5,-0.16249999999999964
5908,2023-12-21,4.9,4.97,4.465,4.72,4.72,351200,SOS,Technology,Software - Infrastructure,1,1,0,1,1,1,4.81,6.253,4.484,2023-12-22,5,0.0
6114,2023-11-02,2.87,3.25,2.85,3.13,3.13,52000,MRKR,Healthcare,Biotechnology,1,1,1,1,0,1,3.35,4.355,3.2775,2023-11-03,5,-0.07250000000000023
6117,2023-11-07,3.0,3.19,2.9,3.07,3.07,10300,MRKR,Healthcare,Biotechnology,1,1,0,1,1,1,2.99,3.887,3.2205,2023-11-08,5,0.2304999999999997
6129,2023-11-24,2.7,2.8,2.64,2.79,2.79,5500,MRKR,Healthcare,Biotechnology,1,1,0,1,1,1,2.72,3.536,2.983,2023-11-27,5,0.2629999999999999
6132,2023-11-29,2.78,2.95,2.76,2.9,2.9,22600,MRKR,Healthcare,Biotechnology,1,1,1,1,0,1,2.95,3.835,2.8975,2023-11-30,5,-0.05250000000000021
6372,2023-11-15,0.0914,0.1036,0.0914,0.1036,0.1036,19400,SMURF,Financial Services,Capital Markets,1,1,0,1,1,1,0.108,0.1404,0.1064,2023-11-16,5,-0.0016000000000000042
6464,2023-11-29,0.65,0.818,0.65,0.818,0.818,4700,RNWWW,Utilities,Utilities - Renewable,0,1,1,1,1,1,0.82,1.066,0.7771,2023-11-30,5,0.0
6556,2023-12-13,0.0071,0.012,0.007,0.012,0.012,14880,VXLLF,Healthcare,Biotechnology,1,1,0,1,1,1,0.007,0.0091,0.019,2023-12-14,5,0.012
6567,2023-12-29,0.0053,0.02,0.0053,0.02,0.02,117462,VXLLF,Healthcare,Biotechnology,1,1,0,1,1,1,0.0151,0.0196,0.019,2024-01-02,5,0.003899999999999999
6618,2023-11-14,4.98,5.29,4.95,5.2,5.2,276700,GATO,Basic Materials,Other Precious Metals & Mining,1,1,0,1,1,1,5.27,6.851,4.94,2023-11-15,5,0.0
6619,2023-11-15,5.27,5.48,5.24,5.46,5.46,283400,GATO,Basic Materials,Other Precious Metals & Mining,1,1,0,1,1,1,5.48,7.124,5.187,2023-11-16,5,0.0
6622,2023-11-20,5.47,5.84,5.46,5.83,5.83,174900,GATO,Basic Materials,Other Precious Metals & Mining,1,1,0,1,1,1,5.88,7.644,5.5385,2023-11-21,5,0.0
6694,2023-11-03,2.21,2.41,2.21,2.37,2.37,6600,PRFX,Healthcare,Drug Manufacturers - Specialty & Generic,1,1,0,1,1,1,2.45,3.185,2.6125,2023-11-06,5,0.16249999999999964
6728,2023-12-22,2.49,3.13,2.45,2.94,2.94,99800,PRFX,Healthcare,Drug Manufacturers - Specialty & Generic,0,1,1,1,1,1,3.02,3.926,2.793,2023-12-26,5,0.0
6950,2023-11-14,3.99,4.15,3.98,4.076,4.076,31300,OPXS,Industrials,Aerospace & Defense,1,1,0,1,1,1,4.135,5.3755,3.8722,2023-11-15,5,0.0
7127,2023-11-30,15.45,16.45,15.45,16.25,16.25,79000,PROP,Financial Services,Capital Markets,1,1,0,1,1,1,16.35,21.255,15.4375,2023-12-01,5,0.0
7145,2023-12-27,8.54,9.49,8.54,9.49,9.49,25800,PROP,Financial Services,Capital Markets,1,0,1,1,1,1,9.5,12.35,12.4497,2023-12-28,5,2.9497
7146,2023-12-28,9.5,10.25,9.3,10.1,10.1,28600,PROP,Financial Services,Capital Markets,1,1,0,1,1,1,10.48,13.624,11.78,2023-12-29,5,1.299999999999999
7198,2023-11-13,0.002,0.01,0.002,0.01,0.01,40351,BLIAQ,Communication Services,Entertainment,1,1,0,1,1,1,0.01,0.013,0.0095,2023-11-14,5,-0.0005000000000000004
7201,2023-11-16,0.005,0.0051,0.005,0.0051,0.0051,7775,BLIAQ,Communication Services,Entertainment,1,1,0,1,1,1,0.0039,0.0051,0.0095,2023-11-17,5,0.0056
7224,2023-12-20,0.0003,0.01,0.0003,0.01,0.01,20001,BLIAQ,Communication Services,Entertainment,0,1,1,1,1,1,0.002,0.0026,0.0095,2023-12-21,5,0.0075
7230,2023-12-29,0.002,0.01,0.002,0.01,0.01,17151,BLIAQ,Communication Services,Entertainment,0,1,1,1,1,1,0.01,0.013,0.0095,2024-01-02,5,0.0
7274,2023-11-02,5.13,5.29,4.98,5.28,5.28,2423700,APLD,Financial Services,Capital Markets,1,1,0,1,1,1,5.35,6.955,5.2155,2023-11-03,5,0.0
7275,2023-11-03,5.35,5.57,5.28,5.46,5.46,1776500,APLD,Financial Services,Capital Markets,1,1,0,1,1,1,5.44,7.072,5.2155,2023-11-06,5,-0.2245000000000008
7372,2023-11-24,1.73,1.95,1.73,1.93,1.93,1111600,XERS,Healthcare,Biotechnology,1,1,0,1,1,1,1.91,2.483,1.881,2023-11-27,5,-0.028999999999999915
7477,2023-12-27,0.0119,0.0154,0.0119,0.0154,0.0154,874,TRLFF,Healthcare,Drug Manufacturers - Specialty & Generic,1,0,1,1,1,1,0.0139,0.0181,0.0162,2023-12-28,5,0.0023
7522,2023-11-01,1.78,1.83,1.721,1.81,1.81,6332700,AUR,Technology,Information Technology Services,1,1,1,1,0,1,1.87,2.431,1.8335,2023-11-02,5,0.0
7527,2023-11-08,1.95,2.0,1.885,1.97,1.97,5076400,AUR,Technology,Information Technology Services,1,1,0,1,1,1,1.97,2.561,1.9095,2023-11-09,5,-0.0605
7688,2023-11-01,4.88,5.03,4.77,4.96,4.96,13400,NERV,Healthcare,Biotechnology,1,1,1,1,1,1,5.17,6.721,5.5005,2023-11-02,6,0.3304999999999998
7787,2023-11-24,0.799,0.81,0.76,0.799,0.799,149300,ANY,Technology,Software - Application,1,1,0,1,1,1,0.77,1.001,0.9785,2023-11-27,5,0.20850000000000002
7861,2023-11-10,0.0112,0.049,0.0112,0.049,0.049,3150,CMXC,Healthcare,Medical Devices,1,1,0,1,1,1,0.049,0.0637,0.0465,2023-11-13,5,0.0
7880,2023-12-08,0.01,0.012,0.0075,0.012,0.012,11175,CMXC,Healthcare,Medical Devices,1,1,0,1,1,1,0.0002,0.0003,0.0428,2023-12-11,5,0.0426
7947,2023-11-15,0.021,0.0235,0.021,0.0227,0.0227,1608733,MONI,Industrials,Conglomerates,1,0,1,1,1,1,0.0225,0.0292,0.0275,2023-11-16,5,0.005000000000000001
7967,2023-12-14,0.0185,0.0199,0.0181,0.0194,0.0194,433749,MONI,Industrials,Conglomerates,1,1,0,1,1,1,0.0194,0.0252,0.019,2023-12-15,5,-0.00040000000000000105
7973,2023-12-22,0.0125,0.014,0.0125,0.014,0.014,1342446,MONI,Industrials,Conglomerates,1,1,0,1,1,1,0.0129,0.0168,0.019,2023-12-26,5,0.0060999999999999995
7975,2023-12-27,0.014,0.015,0.013,0.0145,0.0145,1867489,MONI,Industrials,Conglomerates,1,1,0,1,1,1,0.0142,0.0185,0.019,2023-12-28,5,0.004799999999999999
7981,2024-01-05,0.0128,0.0128,0.0113,0.0121,0.0121,1117901,MONI,Industrials,Conglomerates,1,1,0,1,1,1,0.0124,0.0161,0.0184,2024-01-08,5,0.006
8053,2023-12-19,1.5,1.55,1.5,1.55,1.55,55900,MATH,Financial Services,Capital Markets,1,1,0,1,1,1,1.55,2.015,1.4915,2023-12-20,5,0.0
8054,2023-12-20,1.55,1.6,1.52,1.59,1.59,71000,MATH,Financial Services,Capital Markets,1,1,0,1,1,1,1.53,1.989,1.5105,2023-12-21,5,0.0
8186,2023-11-01,3.11,3.12,2.97,3.09,3.09,1015400,HIVE,Financial Services,Capital Markets,0,1,1,1,1,1,3.16,4.108,3.2395,2023-11-02,5,0.0794999999999999
8207,2023-12-01,3.12,3.5,3.07,3.47,3.47,3358000,HIVE,Financial Services,Capital Markets,1,1,0,1,1,1,3.79,4.927,3.2965,2023-12-04,5,0.0
8537,2023-11-30,0.1532,0.161,0.146,0.161,0.161,20469,ELYS,Consumer Cyclical,Gambling,1,1,0,1,1,1,0.161,0.2093,0.168,2023-12-01,5,0.007000000000000006
8614,2023-11-21,0.26,0.26,0.25,0.26,0.26,204400,CATX,Healthcare,Medical Devices,1,1,0,1,1,1,0.26,0.338,0.2565,2023-11-22,5,-0.003500000000000003
8684,2023-11-02,1.28,1.33,1.24,1.29,1.29,441700,BLND,Technology,Software - Application,1,0,1,1,1,1,1.31,1.703,1.3775,2023-11-03,5,0.0674999999999999
8685,2023-11-03,1.31,1.41,1.31,1.38,1.38,444000,BLND,Technology,Software - Application,1,1,0,1,1,1,1.36,1.768,1.3775,2023-11-06,5,0.01749999999999985
8686,2023-11-06,1.36,1.46,1.359,1.42,1.42,405000,BLND,Technology,Software - Application,1,1,0,1,1,1,1.41,1.833,1.3775,2023-11-07,5,0.0
8851,2023-11-03,2.35,2.7,2.35,2.65,2.65,261900,CLRB,Healthcare,Biotechnology,1,0,1,1,1,1,2.7,3.51,2.622,2023-11-06,5,-0.07800000000000029
8867,2023-11-28,2.16,2.25,2.12,2.23,2.23,115400,CLRB,Healthcare,Biotechnology,0,1,1,1,1,1,2.23,2.899,2.1945,2023-11-29,5,-0.035499999999999865
9016,2023-11-02,3.17,3.53,3.15,3.48,3.48,1859800,IREN,Financial Services,Capital Markets,1,1,0,1,1,1,3.42,4.446,3.325,2023-11-03,5,0.0
9114,2023-11-24,0.68,0.8567,0.68,0.8567,0.8567,23249,FDMIF,Basic Materials,Gold,1,1,1,1,0,1,0.8,1.04,0.8139,2023-11-27,5,0.013899999999999912
9115,2023-11-27,0.8,0.9081,0.7881,0.9,0.9,84295,FDMIF,Basic Materials,Gold,1,1,0,1,1,1,0.9161,1.1909,0.855,2023-11-28,5,0.0
9210,2023-12-13,0.0133,0.0209,0.0133,0.0209,0.0209,83379,DROR,Communication Services,Electronic Gaming & Multimedia,1,1,1,1,0,1,0.021,0.0273,0.0199,2023-12-14,5,0.0
9211,2023-12-14,0.021,0.021,0.0209,0.021,0.021,22413,DROR,Communication Services,Electronic Gaming & Multimedia,1,1,0,1,1,1,0.0137,0.0178,0.0199,2023-12-15,5,0.006200000000000001
9708,2023-10-31,3.37,3.71,3.37,3.57,3.57,152900,BWAY,Healthcare,Medical Devices,1,1,1,1,0,1,3.61,4.693,3.572,2023-11-01,5,-0.03799999999999981
9709,2023-11-01,3.61,3.72,3.55,3.65,3.65,34000,BWAY,Healthcare,Medical Devices,1,1,0,1,1,1,3.88,5.044,3.4675,2023-11-02,5,0.0
9741,2023-12-18,5.85,6.46,5.745,6.25,6.25,213200,BWAY,Healthcare,Medical Devices,1,0,1,1,1,1,6.29,8.177,6.213,2023-12-19,5,0.0
9802,2023-11-15,1.06,1.2,1.05,1.17,1.17,300100,ARBK,Financial Services,Capital Markets,1,0,1,1,1,1,1.17,1.521,1.1875,2023-11-16,5,0.01750000000000007
9903,2023-12-12,6.502,7.35,6.502,7.35,7.35,33200,SPPL,Technology,Software - Application,1,0,1,1,1,1,7.33,9.529,7.2675,2023-12-13,5,-0.0625
10106,2023-12-15,0.06,0.08,0.06,0.08,0.08,93700,LRDC,Energy,Oil & Gas E&P,1,1,0,1,1,1,0.08,0.104,0.076,2023-12-18,5,0.0
10159,2023-11-02,1.26,1.32,1.25,1.32,1.32,269800,ABSI,Healthcare,Biotechnology,1,1,0,1,1,1,1.32,1.716,1.406,2023-11-03,5,0.08599999999999985
10318,2023-10-24,0.0125,0.025,0.0125,0.023,0.023,815147,GRHI,Industrials,Engineering & Construction,1,0,1,1,1,1,0.023,0.0299,0.0237,2023-10-25,5,0.0006999999999999992
10682,2023-12-11,0.0129,0.016,0.012,0.016,0.016,955225,CEOS,Healthcare,Medical Instruments & Supplies,1,1,0,1,1,1,0.0155,0.0201,0.0152,2023-12-12,5,-0.0002999999999999999
10747,2023-11-14,0.1224,0.1238,0.1201,0.1238,0.1238,2500,OPTHF,Consumer Defensive,Farm Products,1,1,1,1,1,1,0.12,0.156,0.1292,2023-11-15,6,0.009200000000000014
10822,2023-11-02,2.48,2.58,2.48,2.57,2.57,52000,FPH,Real Estate,Real Estate - Development,1,1,0,1,1,1,2.59,3.367,2.4985,2023-11-03,5,0.0
10908,2023-11-07,4.8,5.14,4.8,5.107,5.107,10500,CETX,Technology,Software - Infrastructure,1,1,0,1,1,1,4.97,6.461,4.8516,2023-11-08,5,0.0
11186,2023-11-30,1.97,2.195,1.961,2.11,2.11,393300,APLT,Healthcare,Biotechnology,1,1,1,1,1,1,2.14,2.782,2.0235,2023-12-01,6,0.0
11280,2023-12-15,0.2,0.21,0.194,0.202,0.202,57700,SEUSF,Energy,Oil & Gas E&P,1,0,1,1,1,1,0.201,0.2613,0.2328,2023-12-18,5,0.031799999999999995
11327,2023-10-25,2.2,2.27,2.2,2.27,2.27,35300,YRD,Financial Services,Credit Services,1,0,1,1,1,1,2.26,2.938,2.28,2023-10-26,5,0.020000000000000018
11332,2023-11-01,2.24,2.26,2.22,2.26,2.26,24900,YRD,Financial Services,Credit Services,1,1,0,1,1,1,2.26,2.938,2.28,2023-11-02,5,0.020000000000000018
11335,2023-11-06,2.26,2.31,2.17,2.31,2.31,18900,YRD,Financial Services,Credit Services,1,1,0,1,1,1,2.29,2.977,2.28,2023-11-07,5,-0.010000000000000231
11419,2023-11-07,2.36,2.54,2.36,2.45,2.45,14200,HLGN,Utilities,Utilities - Renewable,1,1,0,1,1,1,2.28,2.964,2.4035,2023-11-08,5,0.12350000000000039
11426,2023-11-16,1.5,1.87,1.5,1.87,1.87,53200,HLGN,Utilities,Utilities - Renewable,1,1,1,1,1,1,1.833,2.3829,2.4035,2023-11-17,6,0.5705000000000002
11593,2023-11-17,2.01,2.25,2.01,2.22,2.22,8300,ARMP,Healthcare,Biotechnology,1,1,0,1,1,1,2.11,2.743,2.546,2023-11-20,5,0.43599999999999994
11602,2023-12-01,2.23,2.39,2.14,2.37,2.37,11000,ARMP,Healthcare,Biotechnology,0,1,1,1,1,1,2.1,2.73,2.546,2023-12-04,5,0.44599999999999973
11619,2023-12-27,2.46,2.5,2.31,2.47,2.47,19700,ARMP,Healthcare,Biotechnology,1,0,1,1,1,1,2.66,3.458,2.6505,2023-12-28,5,-0.009500000000000064
11620,2023-12-28,2.66,3.48,2.35,3.2,3.2,129700,ARMP,Healthcare,Biotechnology,1,1,0,1,1,1,3.4,4.42,3.04,2023-12-29,5,-0.3599999999999999
11929,2023-11-24,0.92,0.97,0.92,0.95,0.95,52200,QNCX,Healthcare,Biotechnology,1,1,1,1,1,1,0.95,1.235,0.912,2023-11-27,6,0.0
11986,2023-10-18,1.31,1.34,1.31,1.33,1.33,10200,NGENF,Healthcare,Biotechnology,1,0,1,1,1,1,1.326,1.7238,1.3414,2023-10-19,5,0.015399999999999858
12001,2023-11-08,1.31,1.45,1.3,1.42,1.42,110900,NGENF,Healthcare,Biotechnology,1,1,1,1,0,1,1.44,1.872,1.3946,2023-11-09,5,-0.045399999999999885
12029,2023-12-19,1.26,1.265,1.21,1.26,1.26,33200,NGENF,Healthcare,Biotechnology,1,1,1,0,1,1,1.28,1.664,1.311,2023-12-20,5,0.030999999999999917
12585,2023-11-15,0.0543,0.0591,0.0543,0.0591,0.0591,1255,LANRF,Basic Materials,Other Industrial Metals & Mining,1,1,0,1,1,1,0.06,0.078,0.0561,2023-11-16,5,-0.0039000000000000007
12669,2023-11-17,0.0742,0.0772,0.0742,0.0772,0.0772,3900,DTARF,Basic Materials,Gold,1,1,0,1,1,1,0.0746,0.097,0.0765,2023-11-20,5,0.001899999999999999
12677,2023-11-30,0.082,0.1111,0.082,0.103,0.103,59000,DTARF,Basic Materials,Gold,1,1,0,1,1,1,0.1043,0.1356,0.0979,2023-12-01,5,-0.006400000000000003
12679,2023-12-04,0.098,0.1,0.0927,0.1,0.1,56512,DTARF,Basic Materials,Gold,1,1,0,1,1,1,0.0967,0.1257,0.0979,2023-12-05,5,0.0012000000000000066
12740,2023-11-01,1.16,1.29,1.14,1.25,1.25,204600,MYO,Healthcare,Medical Devices,1,0,1,1,1,1,1.3,1.69,1.2635,2023-11-02,5,-0.03649999999999998
12741,2023-11-02,1.3,1.39,1.19,1.35,1.35,436800,MYO,Healthcare,Medical Devices,1,1,0,1,1,1,1.36,1.768,1.2825,2023-11-03,5,0.0
12742,2023-11-03,1.36,1.4,1.31,1.37,1.37,252500,MYO,Healthcare,Medical Devices,1,1,0,1,1,1,1.41,1.833,1.3015,2023-11-06,5,0.0
12827,2023-11-07,1.27,1.42,1.235,1.4,1.4,242300,AYRWF,Healthcare,Drug Manufacturers - Specialty & Generic,1,1,0,1,1,1,1.45,1.885,1.6815,2023-11-08,5,0.23150000000000004
12828,2023-11-08,1.45,1.7,1.45,1.49,1.49,340600,AYRWF,Healthcare,Drug Manufacturers - Specialty & Generic,1,1,1,0,1,1,1.525,1.9825,1.6815,2023-11-09,5,0.15650000000000008
13075,2023-11-06,0.1879,0.1879,0.1879,0.1879,0.1879,258,INXDF,Technology,Software - Application,1,1,1,0,1,1,0.1795,0.2333,0.1979,2023-11-07,5,0.0184
13090,2023-11-28,0.144,0.1573,0.144,0.1573,0.1573,8605,INXDF,Technology,Software - Application,1,0,1,1,1,1,0.1574,0.2046,0.1805,2023-11-29,5,0.02309999999999998
13092,2023-11-30,0.17,0.178,0.167,0.178,0.178,7590,INXDF,Technology,Software - Application,1,1,0,1,1,1,0.178,0.2314,0.1805,2023-12-01,5,0.0025000000000000022
13095,2023-12-05,0.1912,0.2406,0.1912,0.2406,0.2406,17210,INXDF,Technology,Software - Application,1,1,0,1,1,1,0.2591,0.3368,0.2286,2023-12-06,5,0.0
13166,2023-11-16,1.05,1.13,1.05,1.09,1.09,16100,FPAY,Industrials,Rental & Leasing Services,1,1,0,1,1,1,1.12,1.456,1.0355,2023-11-17,5,0.0
13325,2023-11-07,0.0133,0.0205,0.0125,0.019,0.019,708600,PPCB,Healthcare,Biotechnology,1,1,0,1,1,1,0.019,0.0247,0.0185,2023-11-08,5,-0.0005000000000000004
13358,2023-12-26,0.0119,0.014,0.0113,0.014,0.014,571600,PPCB,Healthcare,Biotechnology,0,1,1,1,1,1,0.0145,0.0188,0.0147,2023-12-27,5,0.0001999999999999988
13405,2023-11-02,1.9,2.18,1.87,2.17,2.17,773800,TNYA,Healthcare,Biotechnology,1,1,1,1,0,1,2.23,2.899,2.1755,2023-11-03,5,-0.05449999999999999
13420,2023-11-24,1.78,1.84,1.75,1.84,1.84,139900,TNYA,Healthcare,Biotechnology,1,1,0,1,1,1,1.82,2.366,2.1375,2023-11-27,5,0.3175000000000001
13425,2023-12-01,1.91,1.98,1.85,1.97,1.97,234100,TNYA,Healthcare,Biotechnology,1,1,0,1,1,1,1.98,2.574,1.8715,2023-12-04,5,0.0
13608,2023-12-27,0.0183,0.022,0.0183,0.022,0.022,37230,MVNT,Financial Services,Asset Management,1,1,0,1,1,1,0.0183,0.0238,0.0228,2023-12-28,5,0.0045000000000000005
13695,2024-01-03,0.05,0.0644,0.05,0.0644,0.0644,5670,APETF,Communication Services,Electronic Gaming & Multimedia,1,1,0,1,1,1,0.06,0.0781,0.0612,2024-01-04,5,0.0011999999999999997
13738,2023-11-03,1.33,1.45,1.21,1.37,1.37,363400,CRVS,Healthcare,Biotechnology,1,1,1,1,0,1,1.37,1.781,1.3775,2023-11-06,5,0.00749999999999984
13752,2023-11-24,1.42,1.51,1.36,1.46,1.46,57800,CRVS,Healthcare,Biotechnology,0,1,1,1,1,1,1.5,1.95,1.52,2023-11-27,5,0.020000000000000018
13861,2024-01-03,3.08,3.5,3.08,3.36,3.36,95300,RENB,Healthcare,Biotechnology,1,0,1,1,1,1,3.36,4.368,3.363,2024-01-04,5,0.0030000000000001137
13862,2024-01-04,3.36,3.67,3.36,3.58,3.58,172700,RENB,Healthcare,Biotechnology,1,1,0,1,1,1,3.65,4.745,3.401,2024-01-05,5,0.0
13864,2024-01-08,3.92,3.945,3.68,3.88,3.88,99800,RENB,Healthcare,Biotechnology,1,1,0,1,1,1,3.85,5.005,3.686,2024-01-09,5,0.0
13914,2023-11-17,4.33,4.43,4.23,4.34,4.34,183900,ZVRA,Healthcare,Biotechnology,1,1,0,1,1,1,4.4,5.72,4.3985,2023-11-20,5,-0.0015000000000000568
13940,2023-12-27,5.01,5.61,5.01,5.48,5.48,619400,ZVRA,Healthcare,Biotechnology,1,1,0,1,1,1,5.61,7.293,5.206,2023-12-28,5,0.0
13992,2023-11-10,0.1,0.2,0.07,0.14,0.14,380800,ELMSQ,Consumer Cyclical,Auto Manufacturers,1,1,0,1,1,1,0.3,0.39,0.133,2023-11-13,5,-0.16699999999999998
14004,2023-11-29,0.13,0.13,0.071,0.13,0.13,95400,ELMSQ,Consumer Cyclical,Auto Manufacturers,0,1,1,1,1,1,0.08,0.104,0.171,2023-11-30,5,0.09100000000000001
14075,2023-11-10,5.65,5.85,5.58,5.85,5.85,800,NBTX,Healthcare,Biotechnology,1,1,0,1,1,1,5.7,7.41,6.4125,2023-11-13,5,0.7124999999999995
14097,2023-12-13,5.49,5.88,5.46,5.83,5.83,18000,NBTX,Healthcare,Biotechnology,0,1,1,1,1,1,5.72,7.436,5.662,2023-12-14,5,0.0
14409,2023-11-16,0.0195,0.0198,0.0195,0.0198,0.0198,1957,KOSK,Healthcare,Medical Distribution,1,1,0,1,1,1,0.0198,0.0257,0.0209,2023-11-17,5,0.0010999999999999968
14413,2023-11-22,0.0174,0.021,0.0171,0.021,0.021,56861,KOSK,Healthcare,Medical Distribution,1,1,0,1,1,1,0.019,0.0247,0.0199,2023-11-24,5,0.0009000000000000015
14434,2023-12-22,0.014,0.0145,0.014,0.0145,0.0145,25148,KOSK,Healthcare,Medical Distribution,1,0,1,1,1,1,0.014,0.0182,0.0169,2023-12-26,5,0.002899999999999998
14437,2023-12-28,0.0145,0.017,0.0145,0.017,0.017,13000,KOSK,Healthcare,Medical Distribution,1,1,0,1,1,1,0.015,0.0195,0.0169,2023-12-29,5,0.001899999999999999
14526,2024-01-08,0.148,0.169,0.122,0.16,0.16,453400,TMCWW,Basic Materials,Other Industrial Metals & Mining,0,1,1,1,1,1,0.15,0.195,0.152,2024-01-09,5,0.0020000000000000018
14640,2023-10-23,0.1,0.11,0.089,0.106,0.106,23000,ARBKF,Financial Services,Capital Markets,1,0,1,1,1,1,0.12,0.156,0.1264,2023-10-24,5,0.006400000000000017
14806,2023-10-23,2.13,2.2,2.06,2.2,2.2,31000,DMAC,Healthcare,Biotechnology,1,0,1,1,1,1,2.1945,2.8528,2.2325,2023-10-24,5,0.03799999999999981
14897,2023-11-02,7.9,8.2,7.88,8.17,8.17,45933900,SOFI,Financial Services,Credit Services,1,1,0,1,1,1,8.28,10.764,7.8375,2023-11-03,5,0.0
14903,2023-11-10,6.92,6.95,6.74,6.94,6.94,29494800,SOFI,Financial Services,Credit Services,1,1,0,1,1,1,6.85,8.905,7.7615,2023-11-13,5,0.9115000000000002
14905,2023-11-14,7.39,7.53,7.22,7.48,7.48,38408700,SOFI,Financial Services,Credit Services,1,1,1,1,1,1,7.39,9.607,7.7615,2023-11-15,6,0.37150000000000016
14908,2023-11-17,6.8,6.88,6.65,6.83,6.83,30785400,SOFI,Financial Services,Credit Services,1,1,0,1,1,1,6.77,8.801,7.7615,2023-11-20,5,0.9915000000000003
14911,2023-11-22,6.8,7.03,6.71,6.9,6.9,36549600,SOFI,Financial Services,Credit Services,1,1,0,1,1,1,6.9,8.97,7.7615,2023-11-24,5,0.8614999999999995
14914,2023-11-28,7.04,7.35,7.0,7.34,7.34,36138300,SOFI,Financial Services,Credit Services,1,1,1,1,1,1,7.44,9.672,7.106,2023-11-29,6,0.0
15068,2023-11-09,0.17,0.17,0.16,0.17,0.17,800,RNGE,Basic Materials,Other Industrial Metals & Mining,1,1,0,1,1,1,0.17,0.221,0.19,2023-11-10,5,0.0
15071,2023-11-14,0.16,0.17,0.16,0.17,0.17,6700,RNGE,Basic Materials,Other Industrial Metals & Mining,1,1,0,1,1,1,0.17,0.221,0.171,2023-11-15,5,0.0
15244,2023-11-27,0.0299,0.045,0.0299,0.04,0.04,924048,ECPL,Industrials,Waste Management,1,0,1,1,1,1,0.04,0.052,0.038,2023-11-28,5,-0.0020000000000000018
15478,2023-11-06,0.1801,0.194,0.1702,0.194,0.194,37645,NGRBF,Consumer Defensive,Packaged Foods,1,1,0,1,1,1,0.1903,0.2474,0.2055,2023-11-07,5,0.015199999999999991
15494,2023-11-29,0.1528,0.1528,0.121,0.14,0.14,29505,NGRBF,Consumer Defensive,Packaged Foods,1,1,0,1,1,1,0.1528,0.1986,0.1701,2023-11-30,5,0.01730000000000001
15501,2023-12-08,0.121,0.1307,0.121,0.1268,0.1268,21110,NGRBF,Consumer Defensive,Packaged Foods,1,1,0,1,1,1,0.123,0.1599,0.1428,2023-12-11,5,0.019800000000000012
15504,2023-12-13,0.11,0.13,0.11,0.127,0.127,10194,NGRBF,Consumer Defensive,Packaged Foods,1,1,0,1,1,1,0.14,0.182,0.1428,2023-12-14,5,0.002799999999999997
15508,2023-12-19,0.107,0.107,0.0847,0.1034,0.1034,56663,NGRBF,Consumer Defensive,Packaged Foods,1,1,0,1,1,1,0.0847,0.1101,0.133,2023-12-20,5,0.04830000000000001
15510,2023-12-21,0.0982,0.1172,0.0902,0.11,0.11,106517,NGRBF,Consumer Defensive,Packaged Foods,1,1,1,1,0,1,0.11,0.143,0.1316,2023-12-22,5,0.021599999999999994
15518,2024-01-04,0.1113,0.1113,0.0961,0.107,0.107,66072,NGRBF,Consumer Defensive,Packaged Foods,1,1,1,1,1,1,0.1056,0.1373,0.1207,2024-01-05,6,0.015100000000000002
15678,2023-12-27,0.043,0.043,0.035,0.04,0.04,14000,TZPC,Consumer Cyclical,Packaging & Containers,1,1,1,1,1,1,0.037,0.0481,0.0522,2023-12-28,6,0.015200000000000005
15887,2023-10-31,0.0115,0.0115,0.009,0.0114,0.0114,34000,SNNC,Healthcare,Drug Manufacturers - Specialty & Generic,1,1,0,1,1,1,0.0118,0.0153,0.0171,2023-11-01,5,0.005300000000000001
15906,2023-11-28,0.0117,0.0142,0.0117,0.0142,0.0142,6000,SNNC,Healthcare,Drug Manufacturers - Specialty & Generic,1,1,1,1,1,1,0.0142,0.0185,0.017,2023-11-29,6,0.0028000000000000004
15910,2023-12-04,0.0126,0.0178,0.012,0.0178,0.0178,261641,SNNC,Healthcare,Drug Manufacturers - Specialty & Generic,1,1,1,1,0,1,0.015,0.0195,0.017,2023-12-05,5,0.0020000000000000018
15915,2023-12-11,0.015,0.0237,0.015,0.021,0.021,91233,SNNC,Healthcare,Drug Manufacturers - Specialty & Generic,1,1,0,1,1,1,0.017,0.0221,0.0199,2023-12-12,5,0.0029
16062,2023-11-14,2.13,2.306,2.11,2.3,2.3,7900,CHSN,Consumer Cyclical,Restaurants,1,1,0,1,1,1,2.2,2.86,2.565,2023-11-15,5,0.36499999999999977
16148,2023-11-17,5.18,5.68,5.05,5.6,5.6,88000,IMRX,Healthcare,Biotechnology,1,1,0,1,1,1,5.66,7.358,6.6785,2023-11-20,5,1.0184999999999995
16151,2023-11-22,7.0,7.6,6.855,7.46,7.46,74700,IMRX,Healthcare,Biotechnology,1,1,0,1,1,1,7.54,9.802,7.087,2023-11-24,5,0.0
16705,2023-10-17,0.9,0.932,0.884,0.932,0.932,641600,TMC,Basic Materials,Other Industrial Metals & Mining,1,0,1,1,1,1,0.94,1.222,0.9595,2023-10-18,5,0.019500000000000073
16715,2023-10-31,0.82,0.83,0.803,0.818,0.818,475600,TMC,Basic Materials,Other Industrial Metals & Mining,1,1,0,1,1,1,0.87,1.131,0.8854,2023-11-01,5,0.01539999999999997
16716,2023-11-01,0.87,0.87,0.81,0.848,0.848,352400,TMC,Basic Materials,Other Industrial Metals & Mining,1,1,0,1,1,1,0.863,1.1219,0.8854,2023-11-02,5,0.022399999999999975
16746,2023-12-14,1.16,1.22,1.15,1.2,1.2,1230300,TMC,Basic Materials,Other Industrial Metals & Mining,1,0,1,1,1,1,1.22,1.586,1.33,2023-12-15,5,0.1100000000000001
16838,2023-12-28,5.85,6.387,5.555,6.16,6.16,54900,CRBP,Healthcare,Biotechnology,1,1,0,1,1,1,6.18,8.034,5.852,2023-12-29,5,0.0
16912,2023-12-14,0.0179,0.027,0.015,0.027,0.027,606616,CINGF,Technology,Software - Application,1,1,1,1,1,0,0.0289,0.0376,0.0257,2023-12-15,5,-0.003199999999999998
16979,2023-11-21,4.368,5.28,4.016,4.768,4.768,25388,ACON,Healthcare,Health Information Services,1,1,0,1,1,1,4.64,6.032,5.32,2023-11-22,5,0.6800000000000006
16994,2023-12-13,3.84,3.84,3.472,3.744,3.744,3281,ACON,Healthcare,Health Information Services,1,1,0,1,1,1,3.904,5.0752,4.104,2023-12-14,5,0.20000000000000018
16997,2023-12-18,3.52,3.84,3.408,3.84,3.84,4738,ACON,Healthcare,Health Information Services,1,1,0,1,1,1,3.936,5.1168,4.104,2023-12-19,5,0.16800000000000015
16998,2023-12-19,3.936,5.024,3.744,4.64,4.64,529119,ACON,Healthcare,Health Information Services,1,1,1,1,0,1,7.2,9.36,4.408,2023-12-20,5,-2.792
17012,2024-01-10,3.24,3.95,3.21,3.69,3.69,651500,ACON,Healthcare,Health Information Services,1,1,0,1,1,1,3.54,4.602,5.3048,2024-01-11,5,1.7648000000000001
17236,2023-11-02,0.86,0.93,0.79,0.91,0.91,35000,CLIR,Industrials,Pollution & Treatment Controls,1,0,1,1,1,1,0.88,1.144,0.9975,2023-11-03,5,0.11750000000000005
17238,2023-11-06,0.9,0.93,0.86,0.91,0.91,10100,CLIR,Industrials,Pollution & Treatment Controls,1,1,0,1,1,1,0.95,1.235,0.95,2023-11-07,5,0.0
17239,2023-11-07,0.95,1.0,0.92,0.97,0.97,30000,CLIR,Industrials,Pollution & Treatment Controls,1,1,0,1,1,1,0.99,1.287,0.9215,2023-11-08,5,0.0
17240,2023-11-08,0.99,1.05,0.93,1.04,1.04,33200,CLIR,Industrials,Pollution & Treatment Controls,1,1,0,1,1,1,1.01,1.313,0.988,2023-11-09,5,-0.02200000000000002
17248,2023-11-20,0.83,1.0,0.83,0.92,0.92,223300,CLIR,Industrials,Pollution & Treatment Controls,1,1,1,1,0,1,1.02,1.326,0.988,2023-11-21,5,-0.03200000000000003
17265,2023-12-14,1.22,1.4,1.01,1.31,1.31,369800,CLIR,Industrials,Pollution & Treatment Controls,0,1,1,1,1,1,1.28,1.664,1.425,2023-12-15,5,0.14500000000000002
17486,2023-11-03,3.61,3.62,3.494,3.56,3.56,114500,PPTA,Basic Materials,Other Precious Metals & Mining,1,0,1,1,1,1,3.56,4.628,3.591,2023-11-06,5,0.03100000000000014
17503,2023-11-29,3.22,3.3,3.19,3.29,3.29,106600,PPTA,Basic Materials,Other Precious Metals & Mining,1,1,1,1,0,1,3.25,4.225,3.1445,2023-11-30,5,-0.10550000000000015
17737,2023-11-07,5.76,5.99,5.71,5.93,5.93,4245200,RDFN,Real Estate,Real Estate Services,1,1,0,1,1,1,5.98,7.774,5.871,2023-11-08,5,-0.10899999999999999
17823,2023-11-10,1.53,1.59,1.495,1.56,1.56,1455300,BBAI,Technology,Information Technology Services,1,1,0,1,1,1,1.54,2.002,1.482,2023-11-13,5,0.0
17852,2023-12-22,1.78,1.92,1.745,1.85,1.85,3287400,BBAI,Technology,Information Technology Services,0,1,1,1,1,1,1.87,2.431,1.824,2023-12-26,5,0.0
17898,2023-10-31,0.859,0.9,0.836,0.88,0.88,954100,AKBA,Healthcare,Biotechnology,1,1,0,1,1,1,0.88,1.144,0.969,2023-11-01,5,0.08899999999999997
17899,2023-11-01,0.88,0.899,0.837,0.882,0.882,983500,AKBA,Healthcare,Biotechnology,1,1,1,0,1,1,0.89,1.157,0.8835,2023-11-02,5,-0.006500000000000061
17908,2023-11-14,0.932,1.03,0.932,1.03,1.03,1691400,AKBA,Healthcare,Biotechnology,0,1,1,1,1,1,1.01,1.313,1.0355,2023-11-15,5,0.025500000000000078
18426,2023-12-13,3.45,4.05,3.34,3.99,3.99,2404800,TPST,Healthcare,Biotechnology,1,1,1,1,0,1,3.95,5.135,3.9805,2023-12-14,5,0.03049999999999997
18468,2023-10-16,0.259,0.323,0.259,0.315,0.315,9400,FSXLF,Basic Materials,Gold,1,0,1,1,1,1,0.263,0.3419,0.3515,2023-10-17,5,0.08849999999999997
18647,2023-11-02,1.773,1.99,1.771,1.99,1.99,9500,SERA,Healthcare,Diagnostics & Research,1,1,1,1,0,1,2.02,2.626,1.8905,2023-11-03,5,0.0
18725,2023-10-26,2.15,2.29,2.13,2.25,2.25,10339,FNMAT,Financial Services,Mortgage Finance,1,0,1,1,1,1,2.19,2.847,2.2325,2023-10-27,5,0.04249999999999998
18747,2023-11-28,2.05,2.2,2.005,2.19,2.19,50280,FNMAT,Financial Services,Mortgage Finance,1,1,0,1,1,1,2.23,2.899,2.09,2023-11-29,5,0.0
19021,2024-01-05,0.03,0.0365,0.03,0.032,0.032,37150,NRPI,Industrials,Aerospace & Defense,1,1,1,0,1,1,0.0265,0.0344,0.0304,2024-01-08,5,0.0039000000000000007
19144,2023-11-03,3.25,3.49,3.25,3.41,3.41,44000,SSNT,Technology,Software - Application,1,1,1,1,1,1,3.48,4.524,3.2395,2023-11-06,6,0.0
19148,2023-11-09,3.48,3.68,3.45,3.57,3.57,11100,SSNT,Technology,Software - Application,1,1,0,1,1,1,3.49,4.537,3.3915,2023-11-10,5,0.0
19149,2023-11-10,3.49,3.61,3.49,3.61,3.61,13900,SSNT,Technology,Software - Application,1,1,0,1,1,1,3.78,4.914,3.4295,2023-11-13,5,0.0
19265,2023-12-29,0.69,0.95,0.69,0.95,0.95,27343,RGBP,Healthcare,Biotechnology,1,1,1,1,1,1,0.73,0.949,1.159,2024-01-02,6,0.42900000000000005
19509,2023-12-22,5.08,5.83,5.065,5.75,5.75,281800,TCRX,Healthcare,Biotechnology,1,0,1,1,1,1,5.82,7.566,6.422,2023-12-26,5,0.6019999999999994
19836,2023-12-18,4.99,5.28,4.91,5.1,5.1,327100,GREE,Financial Services,Capital Markets,0,1,1,1,1,1,5.21,6.773,5.3865,2023-12-19,5,0.17649999999999988
19901,2023-11-21,0.03,0.035,0.03,0.035,0.035,181426,ARTM,Communication Services,Telecom Services,1,1,0,1,1,1,0.0275,0.0357,0.0333,2023-11-22,5,0.005800000000000003
20144,2023-11-15,0.635,0.74,0.635,0.714,0.714,3346500,GNS,Consumer Defensive,Education & Training Services,1,1,1,1,0,1,0.731,0.9503,0.779,2023-11-16,5,0.04800000000000004
20161,2023-12-11,0.6,0.645,0.592,0.606,0.606,1162000,GNS,Consumer Defensive,Education & Training Services,1,1,1,0,1,1,0.624,0.8112,0.665,2023-12-12,5,0.041000000000000036
20299,2023-11-01,0.303,0.325,0.276,0.314,0.314,15352000,CDIO,Healthcare,Biotechnology,1,1,0,1,1,1,0.297,0.3861,0.2983,2023-11-02,5,0.0013000000000000234
20300,2023-11-02,0.297,0.375,0.28,0.375,0.375,12723400,CDIO,Healthcare,Biotechnology,1,1,0,1,1,1,0.358,0.4654,0.3562,2023-11-03,5,-0.0017999999999999683
20330,2023-12-15,1.66,2.34,1.58,2.34,2.34,4991200,CDIO,Healthcare,Biotechnology,1,0,1,1,1,1,2.2,2.86,2.2705,2023-12-18,5,0.07050000000000001
20332,2023-12-19,2.03,2.53,1.92,2.36,2.36,3458300,CDIO,Healthcare,Biotechnology,1,1,0,1,1,1,2.35,3.055,2.2705,2023-12-20,5,-0.0794999999999999
20401,2023-11-29,2.3,2.69,2.3,2.69,2.69,54900,APTO,Healthcare,Biotechnology,1,0,1,1,1,1,2.78,3.614,3.078,2023-11-30,5,0.29800000000000004
20422,2023-12-29,2.48,2.57,2.43,2.54,2.54,72500,APTO,Healthcare,Biotechnology,1,1,0,1,1,1,2.53,3.289,2.66,2024-01-02,5,0.13000000000000034
20550,2023-11-03,3.96,4.49,3.94,4.49,4.49,130900,ABEO,Healthcare,Biotechnology,1,1,1,1,1,1,4.44,5.772,4.2655,2023-11-06,6,0.0
20747,2023-12-19,1.42,1.59,1.37,1.57,1.57,158700,EKSO,Healthcare,Medical Instruments & Supplies,1,0,1,1,1,1,1.57,2.041,1.6625,2023-12-20,5,0.09250000000000003
20798,2023-11-02,0.9,0.921,0.9,0.921,0.921,5900,GMINF,Basic Materials,Other Precious Metals & Mining,1,1,0,1,1,1,0.9036,1.1747,0.875,2023-11-03,5,0.0
21074,2023-12-14,4.95,5.14,4.72,4.97,4.97,1776400,AUTL,Healthcare,Biotechnology,1,1,0,1,1,1,4.9,6.37,4.7215,2023-12-15,5,0.0
21075,2023-12-15,4.9,5.06,4.9,5.01,5.01,1164700,AUTL,Healthcare,Biotechnology,1,1,0,1,1,1,5.05,6.565,4.7595,2023-12-18,5,0.0
21199,2023-10-17,0.0099,0.0169,0.0099,0.0139,0.0139,300400,DIGP,Healthcare,Diagnostics & Research,1,0,1,1,1,1,0.0143,0.0186,0.019,2023-10-18,5,0.004699999999999999
21493,2023-12-20,0.343,0.42,0.342,0.387,0.387,2310200,DMGGF,Financial Services,Capital Markets,1,1,0,1,1,1,0.39,0.507,0.3676,2023-12-21,5,-0.02240000000000003
22289,2023-11-03,0.06,0.06,0.06,0.06,0.06,600,HIHI,Real Estate,Real Estate - Development,1,1,1,0,1,1,0.06,0.078,0.072,2023-11-06,5,0.011999999999999997
22293,2023-11-09,0.055,0.055,0.055,0.055,0.055,25028,HIHI,Real Estate,Real Estate - Development,1,1,1,0,1,1,0.0475,0.0617,0.0664,2023-11-10,5,0.0189
22308,2023-12-01,0.0465,0.0465,0.045,0.0465,0.0465,3288,HIHI,Real Estate,Real Estate - Development,1,1,0,1,1,1,0.0472,0.0614,0.076,2023-12-04,5,0.0288
22314,2023-12-11,0.048,0.048,0.0445,0.0475,0.0475,9400,HIHI,Real Estate,Real Estate - Development,1,1,0,1,1,1,0.0413,0.0536,0.076,2023-12-12,5,0.034699999999999995
22333,2024-01-09,0.04,0.04,0.04,0.04,0.04,20001,HIHI,Real Estate,Real Estate - Development,1,1,1,0,1,1,0.0337,0.0438,0.0405,2024-01-10,5,0.0068000000000000005
22362,2023-10-20,2.26,2.38,2.25,2.34,2.34,58400,OPFI,Financial Services,Credit Services,1,0,1,1,1,1,2.32,3.016,2.413,2023-10-23,5,0.09299999999999997
22730,2023-12-13,0.03,0.0501,0.03,0.048,0.048,50125,CRDV,Real Estate,Real Estate - Diversified,1,1,0,1,1,1,0.04,0.052,0.0456,2023-12-14,5,0.005600000000000001
22798,2023-11-21,0.7,0.75,0.7,0.75,0.75,27000,FTFT,Technology,Software - Application,1,1,0,1,1,1,0.75,0.975,0.7695,2023-11-22,5,0.019499999999999962
22813,2023-12-13,0.84,0.94,0.84,0.9,0.9,50400,FTFT,Technology,Software - Application,0,1,1,1,1,1,0.92,1.196,1.0355,2023-12-14,5,0.11550000000000005
22856,2023-10-17,5.0,5.46,4.96,5.32,5.32,1254500,OSCR,Healthcare,Healthcare Plans,1,0,1,1,1,1,5.28,6.864,5.2915,2023-10-18,5,0.011499999999999844
22866,2023-10-31,4.93,5.2,4.845,5.12,5.12,1068800,OSCR,Healthcare,Healthcare Plans,1,1,1,1,1,1,5.08,6.604,5.054,2023-11-01,6,-0.0259999999999998
23378,2023-11-24,1.06,1.08,0.91,1.08,1.08,3400,AHG,Healthcare,Medical Distribution,1,1,0,1,1,1,1.04,1.352,1.0925,2023-11-27,5,0.05249999999999999
23398,2023-12-22,0.72,0.736,0.72,0.736,0.736,5300,AHG,Healthcare,Medical Distribution,1,1,1,1,1,1,0.84,1.092,0.8645,2023-12-26,6,0.024500000000000077
23456,2023-11-16,0.45,0.485,0.422,0.476,0.476,221300,ELEV,Healthcare,Biotechnology,1,1,1,0,1,1,0.48,0.624,0.512,2023-11-17,5,0.03200000000000003
23457,2023-11-17,0.48,0.523,0.451,0.5,0.5,315600,ELEV,Healthcare,Biotechnology,1,1,0,1,1,1,0.517,0.6721,0.4845,2023-11-20,5,-0.03250000000000003
23459,2023-11-21,0.493,0.493,0.444,0.471,0.471,102000,ELEV,Healthcare,Biotechnology,1,1,0,1,1,1,0.479,0.6227,0.4845,2023-11-22,5,0.005500000000000005
23483,2023-12-27,0.458,0.549,0.456,0.549,0.549,622400,ELEV,Healthcare,Biotechnology,1,1,0,1,1,1,0.533,0.6929,0.57,2023-12-28,5,0.03699999999999992
23486,2024-01-02,0.54,0.63,0.54,0.629,0.629,577500,ELEV,Healthcare,Biotechnology,1,1,0,1,1,1,0.62,0.806,0.5976,2024-01-03,5,-0.022399999999999975
23516,2023-10-16,2.42,2.52,2.37,2.49,2.49,67200,GSIT,Technology,Semiconductors,1,0,1,1,1,1,2.47,3.211,2.5745,2023-10-17,5,0.10449999999999982
23529,2023-11-02,2.2,2.35,2.2,2.33,2.33,74200,GSIT,Technology,Semiconductors,1,0,1,1,1,1,2.42,3.146,2.584,2023-11-03,5,0.16400000000000015
23537,2023-11-14,2.39,2.48,2.26,2.42,2.42,121800,GSIT,Technology,Semiconductors,0,1,1,1,1,1,2.45,3.185,2.8975,2023-11-15,5,0.4474999999999998
23637,2023-12-08,6.15,7.23,6.1,6.79,6.79,114800,NCTY,Communication Services,Electronic Gaming & Multimedia,1,1,0,1,1,1,6.8,8.84,7.9895,2023-12-11,5,1.1894999999999998
23703,2023-11-14,0.0149,0.0149,0.0149,0.0149,0.0149,292,CSOC,Consumer Defensive,Packaged Foods,1,1,1,0,1,1,0.016,0.0208,0.0148,2023-11-15,5,0.0
23893,2023-12-20,0.73,0.75,0.72,0.74,0.74,1255100,FNMA,Financial Services,Mortgage Finance,1,1,0,1,1,1,0.74,0.962,0.703,2023-12-21,5,0.0
23894,2023-12-21,0.74,0.76,0.72,0.75,0.75,2660500,FNMA,Financial Services,Mortgage Finance,1,1,0,1,1,1,0.75,0.975,0.7125,2023-12-22,5,0.0
23946,2023-11-07,1.73,1.83,1.7,1.77,1.77,19800,CXDO,Communication Services,Telecom Services,0,1,1,1,1,1,1.71,2.223,1.786,2023-11-08,5,0.07600000000000007
24036,2023-11-16,1.506,1.55,1.42,1.5,1.5,60600,IVVD,Healthcare,Biotechnology,1,1,0,1,1,1,1.49,1.937,1.539,2023-11-17,5,0.04899999999999993
24154,2024-01-09,0.01,0.012,0.01,0.012,0.012,335000,VDRM,Healthcare,Drug Manufacturers - Specialty & Generic,1,1,0,1,1,1,0.012,0.0156,0.0124,2024-01-10,5,0.0003999999999999993
24286,2023-11-17,0.945,1.0,0.945,0.99,0.99,10500,BTCY,Healthcare,Medical Devices,1,1,1,1,1,0,0.94,1.222,1.064,2023-11-20,5,0.12400000000000011
24862,2023-11-13,2.04,2.135,1.99,2.12,2.12,844100,ADV,Communication Services,Advertising Agencies,1,1,1,1,0,1,2.26,2.938,2.28,2023-11-14,5,0.020000000000000018
24865,2023-11-16,2.43,2.49,2.36,2.47,2.47,357100,ADV,Communication Services,Advertising Agencies,1,1,0,1,1,1,2.58,3.354,2.3465,2023-11-17,5,0.0
25108,2023-11-08,0.28,0.325,0.28,0.325,0.325,700,TLSIW,Healthcare,Medical Devices,1,1,0,1,1,1,0.325,0.4225,0.3135,2023-11-09,5,0.0
25185,2023-10-31,0.72,0.76,0.72,0.76,0.76,133000,CGEN,Healthcare,Biotechnology,1,1,1,1,0,1,0.75,0.975,0.798,2023-11-01,5,0.04800000000000004
25199,2023-11-20,0.65,0.66,0.63,0.65,0.65,126400,CGEN,Healthcare,Biotechnology,1,1,0,1,1,1,0.64,0.832,0.722,2023-11-21,5,0.08199999999999996
25200,2023-11-21,0.64,0.68,0.63,0.66,0.66,100500,CGEN,Healthcare,Biotechnology,1,1,0,1,1,1,0.63,0.819,0.722,2023-11-22,5,0.09199999999999997
25603,2023-11-03,0.012,0.0149,0.012,0.0135,0.0135,253500,KITL,Consumer Cyclical,Restaurants,1,1,0,1,1,1,0.015,0.0195,0.0133,2023-11-06,5,-0.0017000000000000001
25606,2023-11-08,0.013,0.015,0.013,0.0141,0.0141,228181,KITL,Consumer Cyclical,Restaurants,1,1,0,1,1,1,0.0136,0.0176,0.0133,2023-11-09,5,-0.0002999999999999999
25634,2023-12-19,0.0119,0.025,0.0115,0.0188,0.0188,788050,KITL,Consumer Cyclical,Restaurants,1,0,1,1,1,1,0.0169,0.022,0.019,2023-12-20,5,0.002100000000000001
25638,2023-12-26,0.0122,0.014,0.012,0.014,0.014,166370,KITL,Consumer Cyclical,Restaurants,1,1,0,1,1,1,0.0138,0.0179,0.0179,2023-12-27,5,0.0040999999999999995
25678,2023-10-24,3.45,3.8,3.38,3.78,3.78,209300,IMMX,Healthcare,Biotechnology,1,0,1,1,1,1,3.78,4.914,3.6765,2023-10-25,5,-0.10349999999999993
25833,2024-01-02,1.68,1.78,1.65,1.74,1.74,66100,GALT,Healthcare,Biotechnology,0,1,1,1,1,1,1.74,2.262,1.691,2024-01-03,5,-0.04899999999999993
25869,2023-10-24,0.0538,0.0565,0.0538,0.0565,0.0565,6303,PFFOF,Basic Materials,Other Industrial Metals & Mining,1,0,1,1,1,1,0.057,0.0741,0.0582,2023-10-25,5,0.0011999999999999997
25910,2023-12-21,0.0498,0.0523,0.0498,0.0523,0.0523,6000,PFFOF,Basic Materials,Other Industrial Metals & Mining,1,1,0,1,1,1,0.0503,0.0654,0.0497,2023-12-22,5,0.0
26036,2023-10-26,2.36,2.58,2.36,2.54,2.54,51000,SYRS,Healthcare,Biotechnology,1,0,1,1,1,1,2.59,3.367,2.888,2023-10-27,5,0.29800000000000004
26062,2023-12-04,2.67,2.96,2.47,2.87,2.87,236200,SYRS,Healthcare,Biotechnology,1,1,0,1,1,1,2.84,3.692,2.888,2023-12-05,5,0.04800000000000004
26213,2023-11-10,0.861,1.04,0.83,1.035,1.035,40800,ABTS,Communication Services,Advertising Agencies,1,1,1,1,0,1,0.98,1.274,0.9832,2023-11-13,5,0.0
26244,2023-12-27,1.015,1.4,0.975,1.29,1.29,323100,ABTS,Communication Services,Advertising Agencies,0,1,1,1,1,1,1.22,1.586,1.2255,2023-12-28,5,0.00550000000000006
26371,2023-10-31,4.46,4.68,4.43,4.66,4.66,202800,NN,Technology,Software - Infrastructure,1,1,0,1,1,1,4.69,6.097,4.864,2023-11-01,5,0.1739999999999995
26404,2023-12-18,4.04,4.25,4.01,4.23,4.23,634500,NN,Technology,Software - Infrastructure,1,1,0,1,1,1,4.29,5.577,4.0185,2023-12-19,5,0.0
26563,2023-12-07,0.051,0.07,0.05,0.065,0.065,8900,COOLW,Financial Services,Shell Companies,1,1,0,1,1,1,0.07,0.091,0.0675,2023-12-08,5,-0.0025000000000000022
26568,2023-12-14,0.064,0.065,0.06,0.065,0.065,4400,COOLW,Financial Services,Shell Companies,1,1,0,1,1,1,0.06,0.078,0.0637,2023-12-15,5,0.003700000000000009
26633,2023-11-17,3.9,4.15,3.9,4.1,4.1,9900,XPON,Industrials,Electrical Equipment & Parts,1,1,0,1,1,1,4.15,5.395,4.275,2023-11-20,5,0.125
26869,2023-11-01,8.25,8.77,8.14,8.77,8.77,162200,KALV,Healthcare,Biotechnology,1,0,1,1,1,1,8.82,11.466,9.0155,2023-11-02,5,0.19549999999999912
26885,2023-11-24,7.61,8.15,7.52,8.15,8.15,123200,KALV,Healthcare,Biotechnology,1,1,0,1,1,1,8.19,10.647,8.2365,2023-11-27,5,0.046499999999999986
26887,2023-11-28,8.1,8.54,7.86,8.36,8.36,158700,KALV,Healthcare,Biotechnology,1,1,0,1,1,1,8.5,11.05,7.942,2023-11-29,5,0.0
