Symbol,Close,Volume Mean,Screener,Date,Order
OSCR,15.53,5834160,Winners,2025-03-11,1
GOTU,3.48,3437500,Winners,2025-03-11,2
VINC,0.83,106700,Winners,2025-03-11,3
MRKR,1.53,776480,Winners,2025-03-11,4
VISL,2.5,11020,Winners,2025-03-11,5
LVWR,2.16,30780,Winners,2025-03-11,6
CRBP,6.79,203000,Winners,2025-03-11,7
SNGX,2.26,24540,Winners,2025-03-11,8
BNTC,13.29,33100,Winners,2025-03-12,1
IBIO,5.72,445220,Winners,2025-03-12,2
SERA,4.22,123580,Winners,2025-03-12,3
RTC,0.33,1929680,Winners,2025-03-12,4
ALHC,15.42,2650080,Winners,2025-03-12,5
FCEL,6.56,820880,Winners,2025-03-12,6
ANNX,2.67,909760,Winners,2025-03-12,7
VINC,0.819,85980,Winners,2025-03-12,8
CYN,4.38,314420,Winners,2025-03-13,1
RDFN,10.38,31210460,Winners,2025-03-13,2
SRI,5.33,356180,Winners,2025-03-13,3
FCEL,6.85,870740,Winners,2025-03-13,4
RTC,0.34,1923460,Winners,2025-03-13,5
QURE,13.34,826900,Winners,2025-03-13,6
CYRX,7.04,1014420,Winners,2025-03-13,7
KLXE,4.65,246480,Winners,2025-03-13,8
CYN,4.88,311560,Winners,2025-03-14,1
QURE,13.78,821640,Winners,2025-03-14,2
FCEL,6.49,868840,Winners,2025-03-14,3
LVWR,2.11,32000,Winners,2025-03-14,4
ZVRA,7.94,635860,Winners,2025-03-14,5
WKEY,4.68,215220,Winners,2025-03-14,6
GLE,1.65,56480,Winners,2025-03-14,7
GOTU,3.46,2738340,Winners,2025-03-14,8
RDFN,10.7,30981040,Winners,2025-03-17,1
QURE,14.2,909000,Winners,2025-03-17,2
FTK,9.42,434800,Winners,2025-03-17,3
SWIM,7.29,706780,Winners,2025-03-17,4
WKEY,4.87,190000,Winners,2025-03-17,5
ALHC,15.79,2539760,Winners,2025-03-17,6
CRBP,6.79,167560,Winners,2025-03-17,7
LVWR,2.23,31600,Winners,2025-03-17,8
RDFN,11.39,14019660,Winners,2025-03-18,1
HSAI,22.3,11451800,Winners,2025-03-18,2
NN,11.38,1942220,Winners,2025-03-18,3
GLUE,6.73,459900,Winners,2025-03-18,4
VINC,0.829,68080,Winners,2025-03-18,5
IONR,4.22,11200,Winners,2025-03-18,6
GLE,1.91,46460,Winners,2025-03-18,7
KTTA,1.13,137920,Winners,2025-03-18,8
NN,11.87,2144520,Winners,2025-03-19,1
LAZR,6.83,2899180,Winners,2025-03-19,2
ALHC,16.74,3019260,Winners,2025-03-19,3
EVTL,4.21,282980,Winners,2025-03-19,4
TELO,4.12,175760,Winners,2025-03-19,5
OMER,8.92,415820,Winners,2025-03-19,6
EVGO,2.56,3217480,Winners,2025-03-19,7
RCEL,9.25,215540,Winners,2025-03-19,8
CYN,4.83,103360,Winners,2025-03-20,1
QURE,14.04,918580,Winners,2025-03-20,2
HSAI,20.75,8200620,Winners,2025-03-20,3
NN,11.8,2202220,Winners,2025-03-20,4
SMR,18.53,6428160,Winners,2025-03-20,5
QNTM,6.66,2014620,Winners,2025-03-20,6
EVTL,4.37,284820,Winners,2025-03-20,7
GLUE,6.7,624760,Winners,2025-03-20,8
CYN,4.64,77980,Winners,2025-03-21,1
RDFN,11.19,7004060,Winners,2025-03-21,2
SMR,18.2,6441820,Winners,2025-03-21,3
BNTC,16.79,61240,Winners,2025-03-21,4
NN,11.84,1757740,Winners,2025-03-21,5
QNTM,6.75,2150420,Winners,2025-03-21,6
EVTL,4.28,299860,Winners,2025-03-21,7
OMER,9.1,399380,Winners,2025-03-21,8
CYN,4.56,63060,Winners,2025-03-24,1
SNCR,12.52,189880,Winners,2025-03-24,2
QURE,13.7,1246040,Winners,2025-03-24,3
LAZR,8.35,6051160,Winners,2025-03-24,4
OMER,9.1,515340,Winners,2025-03-24,5
EVTL,4.3,292820,Winners,2025-03-24,6
NCTY,12.29,60960,Winners,2025-03-24,7
CVRX,12.49,169540,Winners,2025-03-24,8
CYN,4.98,83660,Winners,2025-03-25,1
SMR,18.88,6533100,Winners,2025-03-25,2
QURE,14.77,1324340,Winners,2025-03-25,3
NCTY,12.64,71320,Winners,2025-03-25,4
CVRX,12.76,184560,Winners,2025-03-25,5
EDBL,2.55,22220,Winners,2025-03-25,6
CORZ,9.31,15067260,Winners,2025-03-25,7
LINK,6.59,14940,Winners,2025-03-25,8
CYN,4.99,79720,Winners,2025-03-26,1
SNCR,12.23,143540,Winners,2025-03-26,2
TISI,18.01,34880,Winners,2025-03-26,3
RDW,11.76,1477940,Winners,2025-03-26,4
TIGR,9.01,9095880,Winners,2025-03-26,5
BNTC,14.67,87260,Winners,2025-03-26,6
QNTM,5.86,376320,Winners,2025-03-26,7
LINK,6.83,16320,Winners,2025-03-26,8
NPCE,12.72,239040,Winners,2025-03-27,1
EDBL,3.835,127220,Winners,2025-03-27,2
QNTM,6.95,424980,Winners,2025-03-27,3
RUM,7.83,3485900,Winners,2025-03-27,4
SBC,3.81,30940,Winners,2025-03-27,5
CGTL,3.79,84080,Winners,2025-03-27,6
HUMA,2.0,7296460,Winners,2025-03-27,7
SGHT,2.675,200160,Winners,2025-03-27,8
NN,13.0,1306820,Winners,2025-03-28,1
AUID,6.32,174980,Winners,2025-03-28,2
QNTM,8.38,491340,Winners,2025-03-28,3
AMBI,5.5,30500,Winners,2025-03-28,4
TIGR,9.1,7570520,Winners,2025-03-28,5
OMER,8.92,550720,Winners,2025-03-28,6
LAZR,6.15,8124140,Winners,2025-03-28,7
CORZ,7.88,20233720,Winners,2025-03-28,8
TISI,16.98,16840,Winners,2025-03-31,1
LINK,6.64,11460,Winners,2025-03-31,2
VATE,8.16,39220,Winners,2025-03-31,3
GREE,0.82,167900,Winners,2025-03-31,4
CALC,1.99,176280,Winners,2025-03-31,5
APLT,0.516,1030440,Winners,2025-03-31,6
TTEC,3.54,244600,Winners,2025-03-31,7
CASI,2.15,14880,Winners,2025-03-31,8
TISI,16.92,14220,Winners,2025-04-01,1
NN,12.17,1274920,Winners,2025-04-01,2
DSP,12.41,266000,Winners,2025-04-01,3
NPCE,12.29,216020,Winners,2025-04-01,4
SOFI,11.63,51412360,Winners,2025-04-01,5
BYON,5.8,4567800,Winners,2025-04-01,6
WEST,7.22,200860,Winners,2025-04-01,7
RUM,7.07,2884320,Winners,2025-04-01,8
QNTM,7.99,3449600,Winners,2025-04-02,1
DSP,13.28,297080,Winners,2025-04-02,2
NN,12.28,1221300,Winners,2025-04-02,3
EDBL,2.65,179520,Winners,2025-04-02,4
NPCE,13.11,229040,Winners,2025-04-02,5
PPTA,10.76,704500,Winners,2025-04-02,6
FORD,4.27,36180,Winners,2025-04-02,7
KTTA,1.24,75280,Winners,2025-04-02,8
CYN,4.76,37840,Winners,2025-04-03,1
LUNR,8.305,8297940,Winners,2025-04-03,2
DSP,13.64,345040,Winners,2025-04-03,3
QNTM,8.04,3348180,Winners,2025-04-03,4
TISI,17.76,13260,Winners,2025-04-03,5
CVRX,12.98,163700,Winners,2025-04-03,6
NN,12.82,1211240,Winners,2025-04-03,7
EDBL,2.81,86720,Winners,2025-04-03,8
DSP,12.66,432240,Winners,2025-04-04,1
NCTY,13.05,106500,Winners,2025-04-04,2
TISI,18.15,18280,Winners,2025-04-04,3
QNTM,7.86,3187300,Winners,2025-04-04,4
CGTL,5.38,601740,Winners,2025-04-04,5
NN,12.51,1293660,Winners,2025-04-04,6
RUM,7.69,2694940,Winners,2025-04-04,7
HPAI,6.34,18680,Winners,2025-04-04,8
DSP,12.355,524100,Winners,2025-04-07,1
TISI,19.12,39820,Winners,2025-04-07,2
CVRX,11.72,188620,Winners,2025-04-07,3
HPAI,6.73,50000,Winners,2025-04-07,4
CORZ,7.18,25351100,Winners,2025-04-07,5
ALHC,18.11,3676980,Winners,2025-04-07,6
EVGO,2.57,3738360,Winners,2025-04-07,7
CTKB,3.71,941840,Winners,2025-04-07,8
CYN,3.895,116140,Winners,2025-04-08,1
DSP,12.27,541960,Winners,2025-04-08,2
LUNR,7.12,9250580,Winners,2025-04-08,3
NPCE,12.3,220880,Winners,2025-04-08,4
RUM,7.62,2782160,Winners,2025-04-08,5
CVRX,11.54,225020,Winners,2025-04-08,6
CORZ,7.02,25678180,Winners,2025-04-08,7
ANGO,9.31,1270960,Winners,2025-04-08,8
CYN,4.11,126960,Winners,2025-04-09,1
CGTL,5.11,1228660,Winners,2025-04-09,2
TTEC,3.71,4113060,Winners,2025-04-09,3
SPHL,0.514,201340,Winners,2025-04-09,4
CRBP,5.39,227340,Winners,2025-04-09,5
RTC,0.2,298220,Winners,2025-04-09,6
EDBL,2.1,43560,Winners,2025-04-09,7
NAMI,2.85,48880,Winners,2025-04-09,8
CYN,4.64,134280,Winners,2025-04-10,1
LUNR,8.38,11081800,Winners,2025-04-10,2
DSP,14.16,573740,Winners,2025-04-10,3
CGNT,9.41,757760,Winners,2025-04-10,4
RUM,8.155,2562440,Winners,2025-04-10,5
CRBP,5.67,256040,Winners,2025-04-10,6
TTEC,3.96,800500,Winners,2025-04-10,7
QRHC,2.69,95380,Winners,2025-04-10,8
CGTL,5.13,1383240,Winners,2025-04-11,1
CRBP,5.69,236360,Winners,2025-04-11,2
HPAI,6.05,60880,Winners,2025-04-11,3
FATE,0.94,2705040,Winners,2025-04-11,4
RTC,0.21,287180,Winners,2025-04-11,5
VSTE,0.346,625560,Winners,2025-04-11,6
RBOT,5.43,21260,Winners,2025-04-11,7
MRKR,1.03,56980,Winners,2025-04-11,8
FORD,4.84,86880,Winners,2025-04-14,1
CRBP,6.04,239820,Winners,2025-04-14,2
SPHL,0.52,1247460,Winners,2025-04-14,3
HPAI,6.23,44780,Winners,2025-04-14,4
AIRS,1.82,310460,Winners,2025-04-14,5
FATE,1.06,2273620,Winners,2025-04-14,6
INDI,2.08,4415740,Winners,2025-04-14,7
EVTL,3.43,251480,Winners,2025-04-14,8
FORD,5.69,46480,Winners,2025-04-15,1
INHD,5.394,11820,Winners,2025-04-15,2
AMWL,7.18,34960,Winners,2025-04-15,3
RCEL,8.95,199020,Winners,2025-04-15,4
HPAI,5.88,53320,Winners,2025-04-15,5
RTC,0.23,292680,Winners,2025-04-15,6
CREV,3.08,80100,Winners,2025-04-15,7
CGC,1.03,3189380,Winners,2025-04-15,8
LUNR,7.79,7840680,Winners,2025-04-16,1
RDW,10.18,1596300,Winners,2025-04-16,2
CRBP,5.99,179420,Winners,2025-04-16,3
SMR,15.38,6393860,Winners,2025-04-16,4
AUID,8.0,213160,Winners,2025-04-16,5
RCEL,9.23,196600,Winners,2025-04-16,6
RBOT,5.74,18480,Winners,2025-04-16,7
WKEY,3.93,127880,Winners,2025-04-16,8
CYN,4.465,31380,Winners,2025-04-17,1
CGNT,9.7,447740,Winners,2025-04-17,2
RCEL,9.02,164520,Winners,2025-04-17,3
RBOT,5.41,17140,Winners,2025-04-17,4
FORD,5.5,32400,Winners,2025-04-17,5
CGTL,5.23,661380,Winners,2025-04-17,6
SPHL,0.472,1162800,Winners,2025-04-17,7
AMWL,7.02,29840,Winners,2025-04-17,8
TISI,23.39,44180,Winners,2025-04-18,1
RDW,10.11,1201800,Winners,2025-04-18,2
CRBP,6.03,144580,Winners,2025-04-18,3
VERV,4.59,13695840,Winners,2025-04-18,4
FORD,5.52,27780,Winners,2025-04-18,5
ASTS,23.39,5744020,Winners,2025-04-18,6
CGTL,5.62,361780,Winners,2025-04-18,7
RLAY,2.69,2378500,Winners,2025-04-18,8
TISI,23.39,44180,Winners,2025-04-21,1
RDW,10.11,1201800,Winners,2025-04-21,2
CRBP,6.03,144580,Winners,2025-04-21,3
VERV,4.59,13696640,Winners,2025-04-21,4
FORD,5.52,27780,Winners,2025-04-21,5
ASTS,23.39,5746260,Winners,2025-04-21,6
CGTL,5.62,361780,Winners,2025-04-21,7
RLAY,2.69,2378500,Winners,2025-04-21,8
QURE,13.29,4296260,Winners,2025-04-22,1
CRBP,6.3,121620,Winners,2025-04-22,2
VERV,4.78,14338400,Winners,2025-04-22,3
RCEL,9.1,169900,Winners,2025-04-22,4
CGTL,5.98,350060,Winners,2025-04-22,5
RLAY,2.75,2321740,Winners,2025-04-22,6
REPL,8.765,898720,Winners,2025-04-22,7
SPHL,0.375,219480,Winners,2025-04-22,8
CYN,4.76,30900,Winners,2025-04-23,1
QURE,14.39,4471160,Winners,2025-04-23,2
LUNR,7.36,4646880,Winners,2025-04-23,3
VERV,5.25,8761200,Winners,2025-04-23,4
DSP,12.02,243940,Winners,2025-04-23,5
RCEL,9.61,165480,Winners,2025-04-23,6
SBC,3.93,15500,Winners,2025-04-23,7
AMWL,7.8,37860,Winners,2025-04-23,8
RDW,10.17,1078140,Winners,2025-04-24,1
PPTA,13.68,1079620,Winners,2025-04-24,2
VERV,5.47,4776540,Winners,2025-04-24,3
REPL,8.83,913360,Winners,2025-04-24,4
LUNR,7.86,5363100,Winners,2025-04-24,5
TISI,22.35,29560,Winners,2025-04-24,6
AMWL,7.71,41560,Winners,2025-04-24,7
RIGL,18.16,158000,Winners,2025-04-24,8
RDW,10.97,1029020,Winners,2025-04-25,1
VERV,5.78,3974740,Winners,2025-04-25,2
REPL,9.06,867240,Winners,2025-04-25,3
LUNR,8.38,5513760,Winners,2025-04-25,4
INHD,7.75,100640,Winners,2025-04-25,5
SMR,16.56,5547440,Winners,2025-04-25,6
SOFI,12.31,54442380,Winners,2025-04-25,7
RBOT,6.65,13420,Winners,2025-04-25,8
PPTA,14.29,1110540,Winners,2025-04-28,1
HSAI,15.3,6062120,Winners,2025-04-28,2
DOMH,4.79,188600,Winners,2025-04-28,3
CORZ,8.31,11694500,Winners,2025-04-28,4
FIP,4.36,1404340,Winners,2025-04-28,5
AIP,6.79,179120,Winners,2025-04-28,6
MBI,4.76,255660,Winners,2025-04-28,7
VATE,6.63,21820,Winners,2025-04-28,8
HSAI,15.36,5597800,Winners,2025-04-29,1
VERV,5.73,3116540,Winners,2025-04-29,2
ASTS,24.25,7511840,Winners,2025-04-29,3
ENTA,5.63,185280,Winners,2025-04-29,4
ALDX,2.76,1128140,Winners,2025-04-29,5
SLDB,3.23,1358600,Winners,2025-04-29,6
NESR,6.35,272520,Winners,2025-04-29,7
CRIS,1.86,96080,Winners,2025-04-29,8
HSAI,18.2,6126940,Winners,2025-04-30,1
WVE,7.34,1392980,Winners,2025-04-30,2
AIP,6.81,178640,Winners,2025-04-30,3
FIP,4.46,1260920,Winners,2025-04-30,4
LXU,6.08,609560,Winners,2025-04-30,5
OMER,7.21,442160,Winners,2025-04-30,6
MBI,4.78,233800,Winners,2025-04-30,7
AIRS,2.24,153900,Winners,2025-04-30,8
QURE,14.76,875920,Winners,2025-05-01,1
WVE,7.72,1422560,Winners,2025-05-01,2
MIND,6.71,195020,Winners,2025-05-01,3
CRBP,7.47,179860,Winners,2025-05-01,4
VERV,5.67,2243320,Winners,2025-05-01,5
NCTY,12.48,123420,Winners,2025-05-01,6
PPTA,14.73,950740,Winners,2025-05-01,7
LXU,6.38,633720,Winners,2025-05-01,8
REPL,10.01,936840,Winners,2025-05-04,1
RDW,12.18,915160,Winners,2025-05-04,2
KC,15.23,2915700,Winners,2025-05-04,3
CVRX,7.95,365700,Winners,2025-05-04,4
ASTS,26.42,8009580,Winners,2025-05-04,5
LCFY,5.07,71440,Winners,2025-05-04,6
ALDX,2.81,1054480,Winners,2025-05-04,7
CRBP,7.79,128280,Winners,2025-05-04,8
REPL,10.01,936840,Winners,2025-05-05,1
RDW,12.18,915160,Winners,2025-05-05,2
KC,15.23,2915700,Winners,2025-05-05,3
CVRX,7.95,365700,Winners,2025-05-05,4
ASTS,26.42,8009580,Winners,2025-05-05,5
LCFY,5.07,71440,Winners,2025-05-05,6
ALDX,2.81,1054480,Winners,2025-05-05,7
CRBP,7.79,128280,Winners,2025-05-05,8
SOFI,12.86,86086120,Winners,2025-05-06,1
AIP,6.82,145680,Winners,2025-05-06,2
RLAY,3.32,2671840,Winners,2025-05-06,3
LUCY,1.9,444840,Winners,2025-05-06,4
EDBL,1.92,51020,Winners,2025-05-06,5
INDI,2.01,1835520,Winners,2025-05-06,6
BLZE,4.6,273560,Winners,2025-05-06,7
AMWL,7.31,109900,Winners,2025-05-06,8
OUST,8.26,973980,Loosers,2025-05-08,1
EWCZ,3.45,1052460,Loosers,2025-05-08,2
PERI,9.22,636400,Loosers,2025-05-08,3
OBIO,2.46,293520,Loosers,2025-05-08,4
LYT,0.0193,366549,Loosers,2025-05-08,5
BTDR,11.35,4358440,Random,2025-05-08,1
COGT,4.72,1227700,Random,2025-05-08,2
TERN,3.025,1077820,Random,2025-05-08,3
BMR,2.88,62260,Random,2025-05-08,4
COYA,5.97,52520,Random,2025-05-08,5
BTMD,3.34,348360,Random,2025-05-08,6
MDXG,6.98,1406160,Random,2025-05-08,7
VRA,1.88,146540,Random,2025-05-08,8
SOFI,13.01,52928160,Winners,2025-05-08,1
MIND,6.72,96220,Winners,2025-05-08,2
DOMH,5.58,295500,Winners,2025-05-08,3
KALA,3.45,72320,Winners,2025-05-08,4
SWIM,5.97,939620,Winners,2025-05-08,5
AIRS,2.56,1237800,Winners,2025-05-08,6
AIP,7.24,220180,Winners,2025-05-08,7
SHCO,6.33,223500,Winners,2025-05-08,8
MLYS,15.61,717892,Loosers,2025-05-09,1
ARRY,5.5,7912729,Loosers,2025-05-09,2
HDSN,7.8,940705,Loosers,2025-05-09,3
LZ,8.96,2956083,Loosers,2025-05-09,4
GTN,4.35,2287781,Loosers,2025-05-09,5
TH,6.97,435701,Loosers,2025-05-09,6
ASLE,6.16,592332,Loosers,2025-05-09,7
HLF,6.99,2488863,Loosers,2025-05-09,8
BTDR,13.54,5031304,Random,2025-05-09,1
FULC,5.41,1598216,Random,2025-05-09,2
MTRX,13.65,263870,Random,2025-05-09,3
CDXC,9.24,1654228,Random,2025-05-09,4
SERV,6.56,4497038,Random,2025-05-09,5
RAIL,6.44,437171,Random,2025-05-09,6
COGT,4.98,1179537,Random,2025-05-09,7
CINT,6.21,100917,Random,2025-05-09,8
CVRX,7.78,248304,Winners,2025-05-09,1
LUNR,9.35,5423313,Winners,2025-05-09,2
DSP,14.39,364310,Winners,2025-05-09,3
AIRS,2.83,1467051,Winners,2025-05-09,4
FIP,4.66,893990,Winners,2025-05-09,5
QUIK,5.96,81217,Winners,2025-05-09,6
ALDX,2.16,2096673,Winners,2025-05-09,7
WKEY,4.63,106343,Winners,2025-05-09,8
CDLX,1.935,1740600,Loosers,2025-05-12,1
OBIO,2.65,290720,Loosers,2025-05-12,2
SPIR,9.83,359060,Loosers,2025-05-12,3
RILY,3.02,615360,Loosers,2025-05-12,4
JSPR,4.52,179560,Loosers,2025-05-12,5
LYT,0.0178,255840,Loosers,2025-05-12,6
ASLE,6.09,651260,Loosers,2025-05-12,7
LILAK,4.56,2917340,Loosers,2025-05-12,8
FULC,5.37,871900,Random,2025-05-12,1
SERV,7.46,5884200,Random,2025-05-12,2
SDA,2.59,94640,Random,2025-05-12,3
ARQ,3.9,309060,Random,2025-05-12,4
TERN,3.04,794980,Random,2025-05-12,5
COYA,6.05,52220,Random,2025-05-12,6
LFVN,12.27,398520,Random,2025-05-12,7
AUTL,1.32,2899100,Random,2025-05-12,8
CYN,4.13,76300,Winners,2025-05-12,1
DOMH,5.99,272560,Winners,2025-05-12,2
KALA,3.42,115680,Winners,2025-05-12,3
RIGL,18.77,340440,Winners,2025-05-12,4
ALDX,2.18,2136660,Winners,2025-05-12,5
LAZR,4.16,1307800,Winners,2025-05-12,6
SPHL,0.549,484060,Winners,2025-05-12,7
LUCY,1.83,91020,Winners,2025-05-12,8
LQDA,15.75,1123460,Loosers,2025-05-13,1
LFMD,8.55,1912860,Loosers,2025-05-13,2
MLYS,15.01,775000,Loosers,2025-05-13,3
CDLX,2.17,1421540,Loosers,2025-05-13,4
HLF,7.06,2127260,Loosers,2025-05-13,5
SKYE,2.05,222080,Loosers,2025-05-13,6
LYT,0.0195,344837,Loosers,2025-05-13,7
MTEN,14.7,144680,Random,2025-05-13,1
CDXC,9.39,1644889,Random,2025-05-13,2
FULC,5.68,687880,Random,2025-05-13,3
HIMX,8.17,1524260,Random,2025-05-13,4
YMM,12.59,7263440,Random,2025-05-13,5
ALT,6.01,2671920,Random,2025-05-13,6
RAIL,6.95,400040,Random,2025-05-13,7
TMCI,7.195,943040,Random,2025-05-13,8
CYN,4.7,80720,Winners,2025-05-13,1
HSAI,17.735,4984820,Winners,2025-05-13,2
TIGR,9.96,3684840,Winners,2025-05-13,3
FNKO,5.14,2137300,Winners,2025-05-13,4
KALA,3.5,115380,Winners,2025-05-13,5
IBIO,0.79,976620,Winners,2025-05-13,6
RIGL,18.61,366300,Winners,2025-05-13,7
SHCO,6.35,215740,Winners,2025-05-13,8
MLYS,15.19,916660,Loosers,2025-05-14,1
ACHR,11.16,33623040,Loosers,2025-05-14,2
SINT,3.308,72760,Loosers,2025-05-14,3
OBIO,2.94,261140,Loosers,2025-05-14,4
PERI,10.85,1249120,Loosers,2025-05-14,5
APVO,0.34,823100,Loosers,2025-05-14,6
SPIR,9.96,458200,Loosers,2025-05-14,7
KYTX,2.32,199920,Loosers,2025-05-14,8
VTSI,6.41,255180,Random,2025-05-14,1
ASYS,3.49,88480,Random,2025-05-14,2
PPSI,2.73,98680,Random,2025-05-14,3
HSAI,18.34,5143000,Winners,2025-05-14,1
LUNR,11.63,10815160,Winners,2025-05-14,2
SMR,21.64,11253400,Winners,2025-05-14,3
DSP,15.62,398960,Winners,2025-05-14,4
CADL,5.395,771280,Winners,2025-05-14,5
FIP,5.14,1987980,Winners,2025-05-14,6
FIGS,4.6,3091840,Winners,2025-05-14,7
RDW,11.39,1432120,Winners,2025-05-14,8
LFMD,9.56,1798240,Loosers,2025-05-15,1
MLYS,15.11,1015060,Loosers,2025-05-15,2
SPIR,10.41,615540,Loosers,2025-05-15,3
SKYE,1.9,216020,Loosers,2025-05-15,4
LYT,0.0186,386966,Loosers,2025-05-15,5
LFVN,12.56,204400,Random,2025-05-15,1
NYXH,6.06,124420,Random,2025-05-15,2
ESOA,8.53,375780,Random,2025-05-15,3
HAO,1.51,67200,Random,2025-05-15,4
LCUT,3.38,147260,Random,2025-05-15,5
SRTS,4.82,71700,Random,2025-05-15,6
PPSI,2.93,62440,Random,2025-05-15,7
OABI,1.52,957100,Random,2025-05-15,8
DOMH,5.82,522020,Winners,2025-05-15,1
EVGO,4.05,6208000,Winners,2025-05-15,2
KALA,3.27,78820,Winners,2025-05-15,3
RDW,11.58,1633760,Winners,2025-05-15,4
ALDX,2.17,1267820,Winners,2025-05-15,5
BNR,2.61,105740,Winners,2025-05-15,6
NN,13.29,1430160,Winners,2025-05-15,7
SPHL,0.537,210700,Winners,2025-05-15,8
HDSN,7.88,808060,Loosers,2025-05-16,1
VERB,5.67,311820,Loosers,2025-05-16,2
OBIO,2.89,199480,Loosers,2025-05-16,3
APVO,0.33,826980,Loosers,2025-05-16,4
HLF,7.07,1843980,Loosers,2025-05-16,5
EGAN,5.24,51360,Loosers,2025-05-16,6
QTTB,1.74,72200,Loosers,2025-05-16,7
SKYE,2.01,193960,Loosers,2025-05-16,8
XYF,14.59,297540,Random,2025-05-16,1
FULC,6.6,647180,Random,2025-05-16,2
WCT,0.303,2503760,Random,2025-05-16,3
MRVI,1.96,2718340,Random,2025-05-16,4
KTCC,2.6,61120,Random,2025-05-16,5
AUTL,1.29,2520800,Random,2025-05-16,6
ASTS,26.24,13537880,Winners,2025-05-16,1
CORZ,10.51,11613340,Winners,2025-05-16,2
CYRX,6.73,554040,Winners,2025-05-16,3
SRI,5.0,582620,Winners,2025-05-16,4
TTNP,4.86,104620,Winners,2025-05-16,5
QUIK,6.0,159060,Winners,2025-05-16,6
QNTM,9.15,112960,Winners,2025-05-16,7
NCTY,12.15,106240,Winners,2025-05-16,8
SINT,3.16,91160,Loosers,2025-05-19,1
VERB,6.37,319340,Loosers,2025-05-19,2
CDLX,2.06,953860,Loosers,2025-05-19,3
APVO,0.32,813080,Loosers,2025-05-19,4
QTTB,1.77,84560,Loosers,2025-05-19,5
KYTX,2.32,379820,Loosers,2025-05-19,6
LYT,0.0185,340509,Loosers,2025-05-19,7
BTDR,15.19,6129500,Random,2025-05-19,1
IREN,8.41,22138100,Random,2025-05-19,2
LFVN,13.39,151520,Random,2025-05-19,3
ARQ,4.68,253180,Random,2025-05-19,4
DTST,3.92,82060,Random,2025-05-19,5
BMR,2.85,117160,Random,2025-05-19,6
MRVI,2.1,2648340,Random,2025-05-19,7
MTLS,5.36,109140,Random,2025-05-19,8
OSCR,17.52,9131960,Winners,2025-05-19,1
CORZ,10.78,12846720,Winners,2025-05-19,2
HSAI,17.68,5192780,Winners,2025-05-19,3
AIRS,3.57,486780,Winners,2025-05-19,4
CADL,5.35,943640,Winners,2025-05-19,5
CYRX,6.68,539200,Winners,2025-05-19,6
LAZR,4.72,3636220,Winners,2025-05-19,7
EVGO,3.85,5859520,Winners,2025-05-19,8
OUST,10.94,1569600,Loosers,2025-05-20,1
SINT,3.16,89960,Loosers,2025-05-20,2
QTTB,1.74,86120,Loosers,2025-05-20,3
JSPR,5.02,163540,Loosers,2025-05-20,4
EGAN,5.14,53380,Loosers,2025-05-20,5
SKYE,2.15,175060,Loosers,2025-05-20,6
TH,7.46,553820,Loosers,2025-05-20,7
LYT,0.0165,234005,Loosers,2025-05-20,8
BTDR,15.32,5597300,Random,2025-05-20,1
HIMX,8.34,1323920,Random,2025-05-20,2
VTEX,6.35,761780,Random,2025-05-20,3
CINT,6.44,380980,Random,2025-05-20,4
BTOC,1.55,114740,Random,2025-05-20,5
SRTS,4.73,154280,Random,2025-05-20,6
COGT,4.98,759840,Random,2025-05-20,7
WCT,0.29,1357540,Random,2025-05-20,8
FNKO,4.29,1668720,Winners,2025-05-20,1
RDW,12.3,2037440,Winners,2025-05-20,2
AIRS,3.56,475580,Winners,2025-05-20,3
HSAI,19.46,4991920,Winners,2025-05-20,4
ALDX,2.42,919780,Winners,2025-05-20,5
KLXE,2.07,212800,Winners,2025-05-20,6
FCEL,4.88,1176780,Winners,2025-05-20,7
CVRX,6.85,770480,Winners,2025-05-20,8
ARRY,7.67,11034460,Loosers,2025-05-21,1
LPCN,3.64,174260,Loosers,2025-05-21,2
APVO,0.31,630260,Loosers,2025-05-21,3
QTTB,1.77,71460,Loosers,2025-05-21,4
MLYS,16.1,1154160,Loosers,2025-05-21,5
KYTX,2.39,535580,Loosers,2025-05-21,6
SRG,2.94,129540,Loosers,2025-05-21,7
MTEN,13.55,76960,Random,2025-05-21,1
OLO,9.07,1951580,Random,2025-05-21,2
CINT,6.42,369600,Random,2025-05-21,3
SRTS,4.8,175780,Random,2025-05-21,4
COGT,5.31,713060,Random,2025-05-21,5
WCT,0.303,1154380,Random,2025-05-21,6
ALT,5.85,1913920,Random,2025-05-21,7
AUTL,1.53,2384140,Random,2025-05-21,8
WEST,7.59,378080,Winners,2025-05-21,1
EVTL,5.58,575140,Winners,2025-05-21,2
RDW,12.29,1942800,Winners,2025-05-21,3
LUCY,2.81,8177680,Winners,2025-05-21,4
AIRS,3.805,553320,Winners,2025-05-21,5
ASTS,25.03,14542760,Winners,2025-05-21,6
BNR,2.91,69800,Winners,2025-05-21,7
KALA,3.95,53380,Winners,2025-05-21,8
EWCZ,5.45,1277300,Loosers,2025-05-22,1
LFMD,10.77,2309180,Loosers,2025-05-22,2
PERI,10.61,561820,Loosers,2025-05-22,3
LPCN,3.62,165820,Loosers,2025-05-22,4
APVO,0.38,24240340,Loosers,2025-05-22,5
TH,7.22,669120,Loosers,2025-05-22,6
SKYE,2.21,217200,Loosers,2025-05-22,7
LYT,0.018,228198,Loosers,2025-05-22,8
SERV,9.6,7454680,Random,2025-05-22,1
BTDR,14.75,6099880,Random,2025-05-22,2
MTEN,13.2,59900,Random,2025-05-22,3
FULC,6.25,806260,Random,2025-05-22,4
ARQ,4.57,303700,Random,2025-05-22,5
ALT,5.59,1910040,Random,2025-05-22,6
WCT,0.298,1023220,Random,2025-05-22,7
APT,4.4,66300,Random,2025-05-22,8
SMR,23.87,9868560,Winners,2025-05-22,1
CORZ,10.78,12739700,Winners,2025-05-22,2
AIRS,3.915,694320,Winners,2025-05-22,3
SRI,4.92,241680,Winners,2025-05-22,4
BMBL,5.69,2499720,Winners,2025-05-22,5
BLZE,5.56,580300,Winners,2025-05-22,6
NCTY,11.55,54240,Winners,2025-05-22,7
AEHL,2.47,155760,Winners,2025-05-22,8
DLO,11.67,1188920,Loosers,2025-05-23,1
LFMD,11.5,2060940,Loosers,2025-05-23,2
OUST,10.42,1456160,Loosers,2025-05-23,3
GPRE,4.43,1513720,Loosers,2025-05-23,4
PERI,10.95,532040,Loosers,2025-05-23,5
RILY,2.93,2543640,Loosers,2025-05-23,6
SINT,2.81,1126780,Loosers,2025-05-23,7
TH,7.6,679340,Loosers,2025-05-23,8
SERV,11.63,9013420,Random,2025-05-23,1
LFVN,13.2,150580,Random,2025-05-23,2
ATOM,6.62,492900,Random,2025-05-23,3
VTSI,5.09,75480,Random,2025-05-23,4
ASYS,4.13,79660,Random,2025-05-23,5
COGT,4.95,1153500,Random,2025-05-23,6
CINT,6.37,244920,Random,2025-05-23,7
VRA,2.14,177700,Random,2025-05-23,8
SMR,25.32,9814340,Winners,2025-05-23,1
LUNR,11.46,6272780,Winners,2025-05-23,2
CVRX,6.65,390180,Winners,2025-05-23,3
CADL,5.42,1122700,Winners,2025-05-23,4
LUCY,2.78,433960,Winners,2025-05-23,5
AIRS,4.16,730820,Winners,2025-05-23,6
KALA,4.09,50100,Winners,2025-05-23,7
EVTL,5.44,424560,Winners,2025-05-23,8
NVCT,9.83,133840,Loosers,2025-05-26,1
ARRY,6.88,10503500,Loosers,2025-05-26,2
OUST,10.29,1283800,Loosers,2025-05-26,3
LPCN,3.58,67240,Loosers,2025-05-26,4
RILY,2.95,2581340,Loosers,2025-05-26,5
ARVN,6.51,1500600,Loosers,2025-05-26,6
RAPP,10.82,205100,Loosers,2025-05-26,7
RC,4.19,2258260,Loosers,2025-05-26,8
ARQ,4.54,255680,Random,2025-05-26,1
PANL,4.6,579300,Random,2025-05-26,2
ATOM,6.77,471640,Random,2025-05-26,3
COGT,4.82,1202520,Random,2025-05-26,4
VTSI,5.41,70620,Random,2025-05-26,5
ACTG,3.74,208660,Random,2025-05-26,6
BTMD,3.68,82000,Random,2025-05-26,7
SIGA,5.91,461840,Random,2025-05-26,8
LUNR,11.34,5211780,Winners,2025-05-26,1
HUMA,2.53,5221840,Winners,2025-05-26,2
CORZ,10.68,11525220,Winners,2025-05-26,3
AIRS,4.25,724020,Winners,2025-05-26,4
CADL,5.43,1035660,Winners,2025-05-26,5
LUCY,2.86,362540,Winners,2025-05-26,6
IBIO,0.82,400100,Winners,2025-05-26,7
FCEL,5.48,1491160,Winners,2025-05-26,8
NVCT,9.83,133840,Loosers,2025-05-27,1
ARRY,6.88,10503500,Loosers,2025-05-27,2
OUST,10.29,1283800,Loosers,2025-05-27,3
LPCN,3.58,67240,Loosers,2025-05-27,4
RILY,2.95,2581340,Loosers,2025-05-27,5
ARVN,6.51,1500600,Loosers,2025-05-27,6
RAPP,10.82,205100,Loosers,2025-05-27,7
RC,4.19,2258260,Loosers,2025-05-27,8
ARQ,4.54,255680,Random,2025-05-27,1
PANL,4.6,579300,Random,2025-05-27,2
ATOM,6.77,471640,Random,2025-05-27,3
COGT,4.82,1202520,Random,2025-05-27,4
VTSI,5.41,70620,Random,2025-05-27,5
ACTG,3.74,208660,Random,2025-05-27,6
BTMD,3.68,82000,Random,2025-05-27,7
SIGA,5.91,461840,Random,2025-05-27,8
LUNR,11.34,5211780,Winners,2025-05-27,1
HUMA,2.53,5221840,Winners,2025-05-27,2
CORZ,10.68,11525220,Winners,2025-05-27,3
AIRS,4.25,724020,Winners,2025-05-27,4
CADL,5.43,1035660,Winners,2025-05-27,5
LUCY,2.86,362540,Winners,2025-05-27,6
IBIO,0.82,400100,Winners,2025-05-27,7
FCEL,5.48,1491160,Winners,2025-05-27,8
LFMD,11.54,1780820,Loosers,2025-05-28,1
EWCZ,5.44,939400,Loosers,2025-05-28,2
OBIO,2.82,115740,Loosers,2025-05-28,3
LPCN,3.52,63660,Loosers,2025-05-28,4
KYTX,2.58,731420,Loosers,2025-05-28,5
RILY,3.17,2642300,Loosers,2025-05-28,6
QTTB,1.68,90180,Loosers,2025-05-28,7
HLF,7.64,1694120,Loosers,2025-05-28,8
LFVN,13.37,124480,Random,2025-05-28,1
ARQ,4.82,281060,Random,2025-05-28,2
ULBI,6.12,77000,Random,2025-05-28,3
HIMX,8.62,1028660,Random,2025-05-28,4
SRTS,4.82,85360,Random,2025-05-28,5
SDA,2.77,84940,Random,2025-05-28,6
LCUT,3.41,73600,Random,2025-05-28,7
VTSI,5.49,75480,Random,2025-05-28,8
WKEY,6.96,352420,Winners,2025-05-28,1
CVRX,6.96,316920,Winners,2025-05-28,2
AIRS,4.45,733740,Winners,2025-05-28,3
BYON,6.6,2677180,Winners,2025-05-28,4
LUNR,12.64,6545440,Winners,2025-05-28,5
LUCY,2.85,372260,Winners,2025-05-28,6
CGTL,0.934,614040,Winners,2025-05-28,7
CORZ,11.28,11668400,Winners,2025-05-28,8
ARVN,7.29,2070720,Loosers,2025-05-29,1
OBIO,2.95,137900,Loosers,2025-05-29,2
QTTB,1.83,130300,Loosers,2025-05-29,3
OUST,11.94,1478120,Loosers,2025-05-29,4
LYT,0.0178,392134,Loosers,2025-05-29,5
XYF,17.13,387600,Random,2025-05-29,1
DSGN,4.0,121260,Random,2025-05-29,2
WCT,0.28,635300,Random,2025-05-29,3
JFIN,13.1,151600,Random,2025-05-29,4
RXRX,4.395,20420200,Random,2025-05-29,5
QNTM,11.74,233600,Winners,2025-05-29,1
EDBL,3.69,23622080,Winners,2025-05-29,2
HUMA,2.63,4596680,Winners,2025-05-29,3
REPL,8.43,1850880,Winners,2025-05-29,4
CGTL,0.96,383840,Winners,2025-05-29,5
CADL,5.94,1101020,Winners,2025-05-29,6
LUCY,3.03,317320,Winners,2025-05-29,7
EBS,6.5,1251060,Winners,2025-05-29,8
APVO,4.7,171209,Loosers,2025-05-30,1
LFMD,11.49,1551980,Loosers,2025-05-30,2
RC,4.48,2601780,Loosers,2025-05-30,3
OCUL,8.14,1896420,Loosers,2025-05-30,4
JSPR,5.68,269100,Loosers,2025-05-30,5
SKYE,2.12,251800,Loosers,2025-05-30,6
LYT,0.0159,471766,Loosers,2025-05-30,7
XYF,18.77,356120,Random,2025-05-30,1
ASYS,4.15,76620,Random,2025-05-30,2
LCUT,3.47,77580,Random,2025-05-30,3
MRVI,2.37,1306840,Random,2025-05-30,4
RXRX,4.45,20252960,Random,2025-05-30,5
COGT,5.51,1686900,Random,2025-05-30,6
SDA,2.69,68960,Random,2025-05-30,7
JFIN,14.35,175060,Random,2025-05-30,8
QNTM,12.58,185960,Winners,2025-05-30,1
BYON,6.61,2841640,Winners,2025-05-30,2
HUMA,2.77,4870520,Winners,2025-05-30,3
REPL,9.37,1756800,Winners,2025-05-30,4
LUCY,3.5,362380,Winners,2025-05-30,5
FNKO,4.23,1158040,Winners,2025-05-30,6
LUNG,3.2,354380,Winners,2025-05-30,7
DCTH,17.06,677840,Winners,2025-05-30,8
APVO,4.72,132589,Loosers,2025-06-02,1
LFMD,12.21,1534220,Loosers,2025-06-02,2
OUST,12.23,2244260,Loosers,2025-06-02,3
RILY,3.05,526440,Loosers,2025-06-02,4
VERB,8.09,61820,Loosers,2025-06-02,5
LYT,0.0149,529315,Loosers,2025-06-02,6
LFVN,13.05,152560,Random,2025-06-02,1
COGT,5.44,1794420,Random,2025-06-02,2
NCMI,5.45,781940,Random,2025-06-02,3
ORLA,10.57,824680,Random,2025-06-02,4
DCGO,1.42,672220,Random,2025-06-02,5
RANI,0.559,313300,Random,2025-06-02,6
SDA,2.66,74440,Random,2025-06-02,7
SMR,31.99,28970680,Winners,2025-06-02,1
RDW,14.31,2576680,Winners,2025-06-02,2
LVWR,4.5,44052400,Winners,2025-06-02,3
QNTM,13.46,232160,Winners,2025-06-02,4
FCEL,5.11,1916640,Winners,2025-06-02,5
LUNG,3.4,420440,Winners,2025-06-02,6
BLZE,5.7,469300,Winners,2025-06-02,7
ALHC,15.37,3308560,Winners,2025-06-02,8
APVO,4.77,158193,Loosers,2025-06-03,1
OUST,12.79,2621569,Loosers,2025-06-03,2
LFMD,12.85,1683360,Loosers,2025-06-03,3
OCUL,8.11,2162777,Loosers,2025-06-03,4
KYTX,2.65,411434,Loosers,2025-06-03,5
OBIO,3.16,201580,Loosers,2025-06-03,6
EWCZ,5.16,538900,Loosers,2025-06-03,7
QTTB,1.83,108289,Loosers,2025-06-03,8
SERV,11.94,7928867,Random,2025-06-03,1
NYXH,7.64,133740,Random,2025-06-03,2
ARQ,5.11,281640,Random,2025-06-03,3
WDOFF,13.97,234980,Random,2025-06-03,4
COGT,5.61,2297259,Random,2025-06-03,5
IDR,13.71,375540,Random,2025-06-03,6
ORLA,10.96,901226,Random,2025-06-03,7
DSGN,4.02,95335,Random,2025-06-03,8
SMR,32.03,21279620,Winners,2025-06-03,1
NVTS,5.52,123718493,Winners,2025-06-03,2
REPL,9.57,1817177,Winners,2025-06-03,3
CGTL,0.96,73854,Winners,2025-06-03,4
FIP,5.84,1575731,Winners,2025-06-03,5
SLDB,3.54,1265128,Winners,2025-06-03,6
IBIO,0.82,204980,Winners,2025-06-03,7
ALHC,15.51,3524429,Winners,2025-06-03,8
APVO,4.975,175320,Loosers,2025-06-04,1
CODI,6.95,2000040,Loosers,2025-06-04,2
LFST,5.96,2055900,Loosers,2025-06-04,3
EWCZ,5.68,624540,Loosers,2025-06-04,4
ASLE,5.98,285460,Loosers,2025-06-04,5
ULBI,7.25,124700,Random,2025-06-04,1
NYXH,7.825,115580,Random,2025-06-04,2
LFVN,12.85,149860,Random,2025-06-04,3
RAIL,8.34,203800,Random,2025-06-04,4
LCUT,3.53,74960,Random,2025-06-04,5
NCMI,5.29,967920,Random,2025-06-04,6
VTSI,6.45,93560,Random,2025-06-04,7
GIFI,6.7,58480,Random,2025-06-04,8
LVWR,4.0,28848660,Winners,2025-06-04,1
RDW,14.84,1838700,Winners,2025-06-04,2
SBC,4.84,120040,Winners,2025-06-04,3
CVRX,6.76,266340,Winners,2025-06-04,4
CGTL,0.99,77900,Winners,2025-06-04,5
FCEL,5.63,1131180,Winners,2025-06-04,6
LUNG,3.18,474740,Winners,2025-06-04,7
FIP,6.04,1241840,Winners,2025-06-04,8
RILY,2.98,635240,Loosers,2025-06-05,1
SERV,12.06,6737800,Random,2025-06-05,1
IDR,13.86,391980,Random,2025-06-05,2
VTSI,6.51,103860,Random,2025-06-05,3
RXRX,4.91,24727280,Random,2025-06-05,4
OABI,1.4,1477080,Random,2025-06-05,5
WCT,0.282,721760,Random,2025-06-05,6
MRVI,2.21,1552800,Random,2025-06-05,7
RANI,0.56,253060,Random,2025-06-05,8
NVTS,6.78,80694460,Winners,2025-06-05,1
RDW,17.02,2646600,Winners,2025-06-05,2
SBC,4.845,126600,Winners,2025-06-05,3
FCEL,5.64,1092660,Winners,2025-06-05,4
LUNG,3.08,454480,Winners,2025-06-05,5
HUMA,2.63,5179040,Winners,2025-06-05,6
CTKB,3.4,1875180,Winners,2025-06-05,7
OMER,3.34,787400,Winners,2025-06-05,8
APVO,4.78,139420,Loosers,2025-06-06,1
CODI,7.16,1702400,Loosers,2025-06-06,2
LFMD,12.08,1793720,Loosers,2025-06-06,3
FBLG,0.854,349220,Loosers,2025-06-06,4
NYXH,7.71,76640,Random,2025-06-06,1
COMP,6.16,6440540,Random,2025-06-06,2
LCUT,3.37,65440,Random,2025-06-06,3
ESOA,11.03,192200,Random,2025-06-06,4
PBI,10.32,1954560,Random,2025-06-06,5
CSTE,1.8,162880,Random,2025-06-06,6
XBIT,2.86,61700,Random,2025-06-06,7
MQ,5.5,9095580,Random,2025-06-06,8
SMR,31.05,14776020,Winners,2025-06-06,1
SBC,5.11,123920,Winners,2025-06-06,2
CGTL,0.945,111300,Winners,2025-06-06,3
FNKO,4.415,1037720,Winners,2025-06-06,4
FIP,6.36,1136920,Winners,2025-06-06,5
HUMA,2.62,4696120,Winners,2025-06-06,6
SANA,2.55,3503720,Winners,2025-06-06,7
IBRX,2.9,9687960,Winners,2025-06-06,8
APVO,4.95,137080,Loosers,2025-06-09,1
ARVN,7.53,2571500,Loosers,2025-06-09,2
OBIO,3.31,316360,Loosers,2025-06-09,3
INGN,6.59,167700,Loosers,2025-06-09,4
SMTK,1.34,57460,Loosers,2025-06-09,5
SKYE,2.43,310520,Loosers,2025-06-09,6
LFMD,12.72,1762120,Loosers,2025-06-09,7
FBLG,0.956,396440,Loosers,2025-06-09,8
NTRB,7.7,217280,Random,2025-06-09,1
MAMA,7.94,641280,Random,2025-06-09,2
RXRX,5.49,34846460,Random,2025-06-09,3
VTSI,6.53,98420,Random,2025-06-09,4
NYXH,7.67,59820,Random,2025-06-09,5
DSGN,4.01,130200,Random,2025-06-09,6
DCGO,1.53,623420,Random,2025-06-09,7
RAIL,8.33,177560,Random,2025-06-09,8
ELTX,7.83,65460,Winners,2025-06-09,1
QNTM,15.45,263280,Winners,2025-06-09,2
REPL,10.38,1513720,Winners,2025-06-09,3
SMR,34.36,14504160,Winners,2025-06-09,4
CTKB,3.44,2277620,Winners,2025-06-09,5
SNCR,7.07,68980,Winners,2025-06-09,6
CVRX,6.56,249540,Winners,2025-06-09,7
OMER,3.77,873700,Winners,2025-06-09,8
BGS,4.62,2782980,Loosers,2025-06-10,1
LILA,5.13,308380,Loosers,2025-06-10,2
LILAK,5.24,861400,Loosers,2025-06-10,3
EWCZ,6.27,693560,Loosers,2025-06-10,4
EGAN,5.93,63380,Loosers,2025-06-10,5
GTBP,3.02,61800,Loosers,2025-06-10,6
NTRB,7.79,76800,Random,2025-06-10,1
ESOA,11.54,269620,Random,2025-06-10,2
ARQ,5.34,187300,Random,2025-06-10,3
LCUT,3.77,73540,Random,2025-06-10,4
JOBY,9.23,34670600,Random,2025-06-10,5
CSTE,1.96,121840,Random,2025-06-10,6
UEC,6.61,17064120,Random,2025-06-10,7
EGY,3.56,955300,Random,2025-06-10,8
LVWR,5.98,2619560,Winners,2025-06-10,1
NVTS,7.3,86634120,Winners,2025-06-10,2
FNKO,5.13,1249020,Winners,2025-06-10,3
CGTL,0.924,109940,Winners,2025-06-10,4
INHD,1.32,251220,Winners,2025-06-10,5
SBC,4.89,93620,Winners,2025-06-10,6
LUNG,3.4,486380,Winners,2025-06-10,7
TOVX,0.48,1588300,Winners,2025-06-10,8
RAPP,13.16,210380,Loosers,2025-06-11,1
AVD,4.55,275480,Loosers,2025-06-11,2
RILY,3.17,948500,Loosers,2025-06-11,3
LYT,0.0153,902502,Loosers,2025-06-11,4
NTRB,7.68,50840,Random,2025-06-11,1
CSTE,2.09,110640,Random,2025-06-11,2
OABI,1.54,994060,Random,2025-06-11,3
NISN,4.47,73740,Random,2025-06-11,4
OPXS,10.31,106180,Random,2025-06-11,5
RANI,0.583,415720,Random,2025-06-11,6
NKTX,1.99,579640,Random,2025-06-11,7
TMCI,6.17,259560,Random,2025-06-11,8
LVWR,7.48,2469640,Winners,2025-06-11,1
NVTS,8.09,94530920,Winners,2025-06-11,2
SMR,34.55,14278460,Winners,2025-06-11,3
IBIO,0.95,888240,Winners,2025-06-11,4
KALA,4.74,56260,Winners,2025-06-11,5
CVRX,6.52,214740,Winners,2025-06-11,6
TCRX,1.69,287940,Winners,2025-06-11,7
CADL,5.85,865400,Winners,2025-06-11,8
APVO,4.65,60100,Loosers,2025-06-12,1
GTBP,3.18,94280,Loosers,2025-06-12,2
QTTB,1.7,113160,Loosers,2025-06-12,3
JFIN,18.06,186360,Random,2025-06-12,1
RITR,5.03,926440,Random,2025-06-12,2
WDOFF,14.21,169060,Random,2025-06-12,3
OABI,1.62,1735800,Random,2025-06-12,4
UEC,6.28,16470560,Random,2025-06-12,5
RAIL,8.88,145120,Random,2025-06-12,6
UGP,3.11,2657820,Random,2025-06-12,7
WCT,0.244,429240,Random,2025-06-12,8
RDW,20.06,3758620,Winners,2025-06-12,1
VHC,8.91,50480,Winners,2025-06-12,2
SMR,41.6,18039640,Winners,2025-06-12,3
BNTC,16.56,55920,Winners,2025-06-12,4
QNTM,15.37,206180,Winners,2025-06-12,5
CYRX,6.91,500160,Winners,2025-06-12,6
MRKR,1.87,146220,Winners,2025-06-12,7
ALHC,15.44,2756340,Winners,2025-06-12,8
APVO,4.78,53120,Loosers,2025-06-13,1
KYTX,3.46,504860,Loosers,2025-06-13,2
HLF,8.26,1578140,Loosers,2025-06-13,3
SMTK,1.17,52660,Loosers,2025-06-13,4
JFIN,18.91,223000,Random,2025-06-13,1
ULBI,7.83,118160,Random,2025-06-13,2
RITR,5.16,541820,Random,2025-06-13,3
IDR,13.86,274700,Random,2025-06-13,4
ARQ,5.23,154080,Random,2025-06-13,5
SDA,2.87,75040,Random,2025-06-13,6
YMM,12.5,5500440,Random,2025-06-13,7
VRA,1.87,840440,Random,2025-06-13,8
NVTS,7.81,91244840,Winners,2025-06-13,1
OMER,3.55,890960,Winners,2025-06-13,2
REPL,9.885,1139100,Winners,2025-06-13,3
CRBP,9.17,143460,Winners,2025-06-13,4
CSBR,7.4,62960,Winners,2025-06-13,5
QNTM,19.0,279060,Winners,2025-06-13,6
IBRX,3.19,15747560,Winners,2025-06-13,7
CORZ,12.14,8634840,Winners,2025-06-13,8
RAPP,11.19,127440,Loosers,2025-06-16,1
KYTX,3.22,456840,Loosers,2025-06-16,2
GPRE,5.58,2255460,Loosers,2025-06-16,3
AVDL,9.57,1710860,Loosers,2025-06-16,4
SINT,3.27,94500,Loosers,2025-06-16,5
RUN,10.0,20300000,Loosers,2025-06-16,6
COGT,7.08,2188140,Random,2025-06-16,1
RXRX,4.92,38823060,Random,2025-06-16,2
BMR,3.23,3691260,Random,2025-06-16,3
DCGO,1.45,657000,Random,2025-06-16,4
CSTE,1.74,113200,Random,2025-06-16,5
AUTL,2.12,2498860,Random,2025-06-16,6
SDA,2.8,71000,Random,2025-06-16,7
UEC,6.25,15628600,Random,2025-06-16,8
SMR,38.82,17931280,Winners,2025-06-16,1
RDW,19.08,3425140,Winners,2025-06-16,2
NVTS,7.32,90616300,Winners,2025-06-16,3
VERV,6.16,2245000,Winners,2025-06-16,4
SLDB,4.51,1428920,Winners,2025-06-16,5
SNCR,6.62,60420,Winners,2025-06-16,6
INHD,1.17,211040,Winners,2025-06-16,7
ENTA,7.5,317100,Winners,2025-06-16,8
OUST,19.91,7168180,Loosers,2025-06-17,1
CODI,6.26,2048180,Loosers,2025-06-17,2
KYTX,3.15,450300,Loosers,2025-06-17,3
HLF,8.07,1718660,Loosers,2025-06-17,4
EGAN,6.59,62280,Loosers,2025-06-17,5
INGN,6.6,203080,Loosers,2025-06-17,6
OBIO,3.38,190340,Loosers,2025-06-17,7
LYT,0.0149,205449,Loosers,2025-06-17,8
COGT,7.49,2113600,Random,2025-06-17,1
BGM,14.1,127880,Random,2025-06-17,2
LCUT,4.05,87240,Random,2025-06-17,3
ULBI,8.13,153300,Random,2025-06-17,4
DCGO,1.54,666860,Random,2025-06-17,5
CSTE,1.98,123280,Random,2025-06-17,6
BTMD,3.98,131040,Random,2025-06-17,7
ORLA,11.58,1400220,Random,2025-06-17,8
SMR,42.49,19189240,Winners,2025-06-17,1
BIRD,11.03,221600,Winners,2025-06-17,2
RDW,20.57,2787500,Winners,2025-06-17,3
CGTL,1.73,28993760,Winners,2025-06-17,4
SLDB,5.02,1509960,Winners,2025-06-17,5
FCEL,6.94,1759020,Winners,2025-06-17,6
AEHL,2.6,143180,Winners,2025-06-17,7
SOFI,14.9,71464320,Winners,2025-06-17,8
